topic_seq,derivation_version,l3_terms,n_terms,has_explicit_open_marker,path,appears_in_levels,n_levels
1,hsk3_topic_derivation_v1,姓名|国籍|年龄|性别|喜好|习惯,6,true,基本信息/个人信息/姓名、国籍、年龄、性别、喜好、习惯等,1,1
2,hsk3_topic_derivation_v1,身份|家庭成员|朋友|技能,4,true,基本信息/个人信息/身份、家庭成员、朋友、技能等,1,1
3,hsk3_topic_derivation_v1,日期|时间|地点|方位|参加者|号码,6,true,基本信息/事件信息/日期、时间、地点、方位、参加者、号码等,1,1
4,hsk3_topic_derivation_v1,物品名称,1,false,基本信息/物品信息/物品名称,1,1
5,hsk3_topic_derivation_v1,物品特征,1,false,基本信息/物品信息/物品特征,1,1
6,hsk3_topic_derivation_v1,天气,1,false,基本信息/环境信息/天气,1|2,2
7,hsk3_topic_derivation_v1,环境特点,1,false,基本信息/环境信息/环境特点,1,1
8,hsk3_topic_derivation_v1,基本礼貌行为,1,false,日常生活/交往/基本礼貌行为,1|2,2
9,hsk3_topic_derivation_v1,简单互动行为,1,false,日常生活/交往/简单互动行为,1|2,2
10,hsk3_topic_derivation_v1,意愿感受,1,false,日常生活/交往/意愿感受,1|2|3,3
11,hsk3_topic_derivation_v1,食物饮品,1,false,日常生活/饮食/食物饮品,1|2|3|4,4
12,hsk3_topic_derivation_v1,就餐,1,false,日常生活/饮食/就餐,1|2|3|4|5,5
13,hsk3_topic_derivation_v1,问路,1,false,日常生活/交通出行/问路,1|2,2
14,hsk3_topic_derivation_v1,出行方式,1,false,日常生活/交通出行/出行方式,1|2|3,3
15,hsk3_topic_derivation_v1,出行安排,1,false,日常生活/交通出行/出行安排,1|2|3,3
16,hsk3_topic_derivation_v1,商品名称,1,false,日常生活/购物/商品名称,1,1
17,hsk3_topic_derivation_v1,商品价格,1,false,日常生活/购物/商品价格,1,1
18,hsk3_topic_derivation_v1,商品选购,1,false,日常生活/购物/商品选购,1|2|3|4|5,5
19,hsk3_topic_derivation_v1,生病|看病|探病,3,true,日常生活/医疗健康/生病、看病、探病等,1,1
20,hsk3_topic_derivation_v1,休闲活动,1,false,日常生活/休闲/休闲活动,1|2|3|4|5,5
21,hsk3_topic_derivation_v1,课程信息,1,false,教育情况/学习情况/课程信息,1,1
22,hsk3_topic_derivation_v1,学习内容,1,false,教育情况/学习情况/学习内容,1,1
23,hsk3_topic_derivation_v1,教育层次,1,false,教育情况/学习情况/教育层次,1,1
24,hsk3_topic_derivation_v1,学校情况,1,false,教育情况/校园生活/学校情况,1|2|3|4|5|6,6
25,hsk3_topic_derivation_v1,课后活动,1,false,教育情况/校园生活/课后活动,1|2,2
26,hsk3_topic_derivation_v1,工作信息,1,false,职场生活/工作情况/工作信息,1|2,2
27,hsk3_topic_derivation_v1,工作评价,1,false,职场生活/工作情况/工作评价,1,1
28,hsk3_topic_derivation_v1,职业种类,1,false,职场生活/职业/职业种类,1,1
29,hsk3_topic_derivation_v1,中餐,1,false,文化与传统/饮食文化/中餐,1,1
30,hsk3_topic_derivation_v1,传统饮品,1,false,文化与传统/饮食文化/传统饮品,1,1
31,hsk3_topic_derivation_v1,外貌|穿着|生日,3,true,基本信息/个人信息/外貌、穿着、生日等,2,1
32,hsk3_topic_derivation_v1,身份|习惯|爱好|来处,4,true,基本信息/个人信息/身份、习惯、爱好、来处等,2,1
33,hsk3_topic_derivation_v1,事件|人物|时间|方式|地址|原因|变化|状态,8,true,基本信息/事件信息/事件、人物、时间、方式、地址、原因、变化、状态等,2,1
34,hsk3_topic_derivation_v1,名称|颜色|差别|数量|所在|特点,6,true,基本信息/物品信息/名称、颜色、差别、数量、所在、特点等,2,1
35,hsk3_topic_derivation_v1,天气,1,false,基本信息/环境信息/天气,1|2,2
36,hsk3_topic_derivation_v1,环境特征,1,false,基本信息/环境信息/环境特征,2,1
37,hsk3_topic_derivation_v1,基本礼貌行为,1,false,日常生活/交往/基本礼貌行为,1|2,2
38,hsk3_topic_derivation_v1,简单互动行为,1,false,日常生活/交往/简单互动行为,1|2,2
39,hsk3_topic_derivation_v1,意愿感受,1,false,日常生活/交往/意愿感受,1|2|3,3
40,hsk3_topic_derivation_v1,食物饮品,1,false,日常生活/饮食/食物饮品,1|2|3|4,4
41,hsk3_topic_derivation_v1,饮食习惯,1,false,日常生活/饮食/饮食习惯,2|3,2
42,hsk3_topic_derivation_v1,就餐,1,false,日常生活/饮食/就餐,1|2|3|4|5,5
43,hsk3_topic_derivation_v1,问路,1,false,日常生活/交通出行/问路,1|2,2
44,hsk3_topic_derivation_v1,出行方式,1,false,日常生活/交通出行/出行方式,1|2|3,3
45,hsk3_topic_derivation_v1,出行安排,1,false,日常生活/交通出行/出行安排,1|2|3,3
46,hsk3_topic_derivation_v1,出行感受,1,false,日常生活/交通出行/出行感受,2,1
47,hsk3_topic_derivation_v1,商品选购,1,false,日常生活/购物/商品选购,1|2|3|4|5,5
48,hsk3_topic_derivation_v1,商品描述,1,false,日常生活/购物/商品描述,2,1
49,hsk3_topic_derivation_v1,生病,1,false,日常生活/医疗健康/生病,2|3,2
50,hsk3_topic_derivation_v1,就医,1,false,日常生活/医疗健康/就医,2|3|4|5|6,5
51,hsk3_topic_derivation_v1,休闲活动,1,false,日常生活/休闲/休闲活动,1|2|3|4|5,5
52,hsk3_topic_derivation_v1,休闲安排,1,false,日常生活/休闲/休闲安排,2,1
53,hsk3_topic_derivation_v1,家庭关系,1,false,日常生活/家庭生活/家庭关系,2|3|4,3
54,hsk3_topic_derivation_v1,家庭活动,1,false,日常生活/家庭生活/家庭活动,2|5,2
55,hsk3_topic_derivation_v1,基本情况,1,false,教育情况/学习情况/基本情况,2,1
56,hsk3_topic_derivation_v1,学习经历,1,false,教育情况/学习情况/学习经历,2|3|4|5,4
57,hsk3_topic_derivation_v1,学校情况,1,false,教育情况/校园生活/学校情况,1|2|3|4|5|6,6
58,hsk3_topic_derivation_v1,课后活动,1,false,教育情况/校园生活/课后活动,1|2,2
59,hsk3_topic_derivation_v1,工作信息,1,false,职场生活/工作情况/工作信息,1|2,2
60,hsk3_topic_derivation_v1,工作经历|工作感受,2,false,职场生活/工作情况/工作经历、工作感受,2,1
61,hsk3_topic_derivation_v1,职业状况,1,false,职场生活/职业/职业状况,2,1
62,hsk3_topic_derivation_v1,节日,1,false,文化与传统/传统习俗/节日,2,1
63,hsk3_topic_derivation_v1,中餐印象,1,false,文化与传统/饮食文化/中餐印象,2,1
64,hsk3_topic_derivation_v1,主要姓氏|正式称谓,2,true,文化与传统/姓氏文化/主要姓氏、正式称谓等,2,1
65,hsk3_topic_derivation_v1,个人信息,1,false,日常生活/个人情况/个人信息,3|4,2
66,hsk3_topic_derivation_v1,个人特征,1,false,日常生活/个人情况/个人特征,3|4,2
67,hsk3_topic_derivation_v1,事务处理,1,false,日常生活/日常事务/事务处理,3,1
68,hsk3_topic_derivation_v1,业务办理,1,false,日常生活/日常事务/业务办理,3|4|5|6,4
69,hsk3_topic_derivation_v1,礼貌行为,1,false,日常生活/交往/礼貌行为,3|4,2
70,hsk3_topic_derivation_v1,意愿感受,1,false,日常生活/交往/意愿感受,1|2|3,3
71,hsk3_topic_derivation_v1,食物饮品,1,false,日常生活/饮食/食物饮品,1|2|3|4,4
72,hsk3_topic_derivation_v1,饮食习惯,1,false,日常生活/饮食/饮食习惯,2|3,2
73,hsk3_topic_derivation_v1,就餐,1,false,日常生活/饮食/就餐,1|2|3|4|5,5
74,hsk3_topic_derivation_v1,出行方式,1,false,日常生活/交通出行/出行方式,1|2|3,3
75,hsk3_topic_derivation_v1,出行安排,1,false,日常生活/交通出行/出行安排,1|2|3,3
76,hsk3_topic_derivation_v1,出行经历,1,false,日常生活/交通出行/出行经历,3|4,2
77,hsk3_topic_derivation_v1,交通规则,1,false,日常生活/交通出行/交通规则,3,1
78,hsk3_topic_derivation_v1,商品选购,1,false,日常生活/购物/商品选购,1|2|3|4|5,5
79,hsk3_topic_derivation_v1,购物经历,1,false,日常生活/购物/购物经历,3,1
80,hsk3_topic_derivation_v1,生病,1,false,日常生活/医疗健康/生病,2|3,2
81,hsk3_topic_derivation_v1,就医,1,false,日常生活/医疗健康/就医,2|3|4|5|6,5
82,hsk3_topic_derivation_v1,探病,1,false,日常生活/医疗健康/探病,3,1
83,hsk3_topic_derivation_v1,健康观念,1,false,日常生活/医疗健康/健康观念,3,1
84,hsk3_topic_derivation_v1,休闲活动,1,false,日常生活/休闲/休闲活动,1|2|3|4|5,5
85,hsk3_topic_derivation_v1,活动体验,1,false,日常生活/休闲/活动体验,3,1
86,hsk3_topic_derivation_v1,居住情况,1,false,日常生活/社区/居住情况,3|4|5|6,4
87,hsk3_topic_derivation_v1,生活习惯,1,false,日常生活/家庭生活/生活习惯,3|4,2
88,hsk3_topic_derivation_v1,家庭关系,1,false,日常生活/家庭生活/家庭关系,2|3|4,3
89,hsk3_topic_derivation_v1,家庭事务,1,false,日常生活/家庭生活/家庭事务,3|4,2
90,hsk3_topic_derivation_v1,居家生活,1,false,日常生活/家庭生活/居家生活,3|4|5,3
91,hsk3_topic_derivation_v1,课程情况,1,false,教育情况/学习情况/课程情况,3|4|5|6,4
92,hsk3_topic_derivation_v1,学习活动,1,false,教育情况/学习情况/学习活动,3,1
93,hsk3_topic_derivation_v1,学习环境,1,false,教育情况/学习情况/学习环境,3,1
94,hsk3_topic_derivation_v1,学习经历,1,false,教育情况/学习情况/学习经历,2|3|4|5,4
95,hsk3_topic_derivation_v1,校园活动,1,false,教育情况/校园生活/校园活动,3|4|5|6,4
96,hsk3_topic_derivation_v1,学校情况,1,false,教育情况/校园生活/学校情况,1|2|3|4|5|6,6
97,hsk3_topic_derivation_v1,家庭教育,1,false,教育情况/教育问题/家庭教育,3|4|5,3
98,hsk3_topic_derivation_v1,办公事务,1,false,职场生活/日常办公/办公事务,3|4,2
99,hsk3_topic_derivation_v1,工作表现,1,false,职场生活/日常办公/工作表现,3|4,2
100,hsk3_topic_derivation_v1,工作环境,1,false,职场生活/日常办公/工作环境,3,1
101,hsk3_topic_derivation_v1,同事相处,1,false,职场生活/日常办公/同事相处,3,1
102,hsk3_topic_derivation_v1,工作经历,1,false,职场生活/职业与经历/工作经历,3|4|5,3
103,hsk3_topic_derivation_v1,职业评价,1,false,职场生活/职业与经历/职业评价,3,1
104,hsk3_topic_derivation_v1,气候,1,false,自然与环境/自然/气候,3|4,2
105,hsk3_topic_derivation_v1,季节,1,false,自然与环境/自然/季节,3,1
106,hsk3_topic_derivation_v1,动植物,1,false,自然与环境/自然/动植物,3|4|5|6,4
107,hsk3_topic_derivation_v1,自然风景,1,false,自然与环境/自然/自然风景,3,1
108,hsk3_topic_derivation_v1,环境状况,1,false,自然与环境/环境/环境状况,3|4,2
109,hsk3_topic_derivation_v1,环境保护,1,false,自然与环境/环境/环境保护,3|4|5|6,4
110,hsk3_topic_derivation_v1,现代生活,1,false,当代社会/社会情况/现代生活,3,1
111,hsk3_topic_derivation_v1,城市发展,1,false,当代社会/社会情况/城市发展,3,1
112,hsk3_topic_derivation_v1,文艺活动,1,false,当代社会/文艺/文艺活动,3|4|5|6,4
113,hsk3_topic_derivation_v1,运动项目,1,false,当代社会/体育/运动项目,3|4|5|6,4
114,hsk3_topic_derivation_v1,体育比赛,1,false,当代社会/体育/体育比赛,3|4,2
115,hsk3_topic_derivation_v1,特色饮食,1,false,文化与传统/饮食文化/特色饮食,3,1
116,hsk3_topic_derivation_v1,餐具,1,false,文化与传统/饮食文化/餐具,3,1
117,hsk3_topic_derivation_v1,传统节日与习俗,1,false,文化与传统/风俗传统/传统节日与习俗,3,1
118,hsk3_topic_derivation_v1,地区差异,1,false,文化与传统/风俗传统/地区差异,3,1
119,hsk3_topic_derivation_v1,个人信息,1,false,日常生活/个人情况/个人信息,3|4,2
120,hsk3_topic_derivation_v1,个人特征,1,false,日常生活/个人情况/个人特征,3|4,2
121,hsk3_topic_derivation_v1,业务办理,1,false,日常生活/日常事务/业务办理,3|4|5|6,4
122,hsk3_topic_derivation_v1,困难求助,1,false,日常生活/日常事务/困难求助,4|5|6,3
123,hsk3_topic_derivation_v1,礼貌行为,1,false,日常生活/交往/礼貌行为,3|4,2
124,hsk3_topic_derivation_v1,情感,1,false,日常生活/交往/情感,4,1
125,hsk3_topic_derivation_v1,感悟,1,false,日常生活/交往/感悟,4,1
126,hsk3_topic_derivation_v1,食物饮品,1,false,日常生活/饮食/食物饮品,1|2|3|4,4
127,hsk3_topic_derivation_v1,就餐,1,false,日常生活/饮食/就餐,1|2|3|4|5,5
128,hsk3_topic_derivation_v1,做菜,1,false,日常生活/饮食/做菜,4,1
129,hsk3_topic_derivation_v1,出行经历,1,false,日常生活/交通出行/出行经历,3|4,2
130,hsk3_topic_derivation_v1,交通,1,false,日常生活/交通出行/交通,4,1
131,hsk3_topic_derivation_v1,商品选购,1,false,日常生活/购物/商品选购,1|2|3|4|5,5
132,hsk3_topic_derivation_v1,购物体验,1,false,日常生活/购物/购物体验,4,1
133,hsk3_topic_derivation_v1,商家活动,1,false,日常生活/购物/商家活动,4,1
134,hsk3_topic_derivation_v1,就医,1,false,日常生活/医疗健康/就医,2|3|4|5|6,5
135,hsk3_topic_derivation_v1,健康生活,1,false,日常生活/医疗健康/健康生活,4|5|6,3
136,hsk3_topic_derivation_v1,休闲活动,1,false,日常生活/休闲/休闲活动,1|2|3|4|5,5
137,hsk3_topic_derivation_v1,活动感受|看法,2,true,日常生活/休闲/活动感受、看法等,4,1
138,hsk3_topic_derivation_v1,居住情况,1,false,日常生活/社区/居住情况,3|4|5|6,4
139,hsk3_topic_derivation_v1,社区生活,1,false,日常生活/社区/社区生活,4|5,2
140,hsk3_topic_derivation_v1,房屋租赁与买卖,1,false,日常生活/社区/房屋租赁与买卖,4,1
141,hsk3_topic_derivation_v1,居家生活,1,false,日常生活/家庭生活/居家生活,3|4|5,3
142,hsk3_topic_derivation_v1,家庭关系,1,false,日常生活/家庭生活/家庭关系,2|3|4,3
143,hsk3_topic_derivation_v1,成长过程,1,false,日常生活/家庭生活/成长过程,4,1
144,hsk3_topic_derivation_v1,生活习惯,1,false,日常生活/家庭生活/生活习惯,3|4,2
145,hsk3_topic_derivation_v1,家庭事务,1,false,日常生活/家庭生活/家庭事务,3|4,2
146,hsk3_topic_derivation_v1,课程情况,1,false,教育情况/学习情况/课程情况,3|4|5|6,4
147,hsk3_topic_derivation_v1,教学情况,1,false,教育情况/学习情况/教学情况,4|5|6,3
148,hsk3_topic_derivation_v1,学习经历,1,false,教育情况/学习情况/学习经历,2|3|4|5,4
149,hsk3_topic_derivation_v1,学习心得,1,false,教育情况/学习情况/学习心得,4|5,2
150,hsk3_topic_derivation_v1,校园活动,1,false,教育情况/校园生活/校园活动,3|4|5|6,4
151,hsk3_topic_derivation_v1,学校情况,1,false,教育情况/校园生活/学校情况,1|2|3|4|5|6,6
152,hsk3_topic_derivation_v1,家庭教育,1,false,教育情况/教育问题/家庭教育,3|4|5,3
153,hsk3_topic_derivation_v1,社会教育,1,false,教育情况/教育问题/社会教育,4,1
154,hsk3_topic_derivation_v1,办公事务,1,false,职场生活/日常办公/办公事务,3|4,2
155,hsk3_topic_derivation_v1,工作表现,1,false,职场生活/日常办公/工作表现,3|4,2
156,hsk3_topic_derivation_v1,职场交往,1,false,职场生活/日常办公/职场交往,4,1
157,hsk3_topic_derivation_v1,工作经历,1,false,职场生活/职业与经历/工作经历,3|4|5,3
158,hsk3_topic_derivation_v1,职业现状|职业评价,2,false,职场生活/职业与经历/职业现状、职业评价,4,1
159,hsk3_topic_derivation_v1,人事管理,1,false,职场生活/单位情况/人事管理,4,1
160,hsk3_topic_derivation_v1,工作环境与待遇,1,false,职场生活/单位情况/工作环境与待遇,4,1
161,hsk3_topic_derivation_v1,地理,1,false,自然与环境/自然/地理,4,1
162,hsk3_topic_derivation_v1,气候,1,false,自然与环境/自然/气候,3|4,2
163,hsk3_topic_derivation_v1,动植物,1,false,自然与环境/自然/动植物,3|4|5|6,4
164,hsk3_topic_derivation_v1,自然景观,1,false,自然与环境/自然/自然景观,4,1
165,hsk3_topic_derivation_v1,自然现象,1,false,自然与环境/自然/自然现象,4|6,2
166,hsk3_topic_derivation_v1,环境状况,1,false,自然与环境/环境/环境状况,3|4,2
167,hsk3_topic_derivation_v1,环境保护,1,false,自然与环境/环境/环境保护,3|4|5|6,4
168,hsk3_topic_derivation_v1,新技术运用,1,false,科学技术/科技发展/新技术运用,4,1
169,hsk3_topic_derivation_v1,科普知识,1,false,科学技术/科学知识/科普知识,4|5|6,3
170,hsk3_topic_derivation_v1,科研成果,1,false,科学技术/科学知识/科研成果,4|5|6,3
171,hsk3_topic_derivation_v1,首都|主要省市,2,false,当代社会/概况/首都、主要省市,4,1
172,hsk3_topic_derivation_v1,少数民族,1,false,当代社会/概况/少数民族,4,1
173,hsk3_topic_derivation_v1,流行产品,1,false,当代社会/经济现象/流行产品,4,1
174,hsk3_topic_derivation_v1,新商业形态,1,false,当代社会/经济现象/新商业形态,4,1
175,hsk3_topic_derivation_v1,经济状况,1,false,当代社会/经济现象/经济状况,4,1
176,hsk3_topic_derivation_v1,生活观念,1,false,当代社会/社会现象/生活观念,4,1
177,hsk3_topic_derivation_v1,网络生活,1,false,当代社会/社会现象/网络生活,4,1
178,hsk3_topic_derivation_v1,基础设施,1,false,当代社会/社会现象/基础设施,4|5,2
179,hsk3_topic_derivation_v1,流行事物,1,false,当代社会/社会现象/流行事物,4,1
180,hsk3_topic_derivation_v1,文艺形式,1,false,当代社会/文艺/文艺形式,4|5|6,3
181,hsk3_topic_derivation_v1,文艺活动,1,false,当代社会/文艺/文艺活动,3|4|5|6,4
182,hsk3_topic_derivation_v1,创作者及其作品,1,false,当代社会/文艺/创作者及其作品,4|5|6,3
183,hsk3_topic_derivation_v1,运动项目,1,false,当代社会/体育/运动项目,3|4|5|6,4
184,hsk3_topic_derivation_v1,体育比赛,1,false,当代社会/体育/体育比赛,3|4,2
185,hsk3_topic_derivation_v1,体育名人|体育故事,2,false,当代社会/体育/体育名人、体育故事,4|5,2
186,hsk3_topic_derivation_v1,友好往来,1,false,当代社会/中外交流/友好往来,4,1
187,hsk3_topic_derivation_v1,俗语|名言,2,true,文化与传统/语言文字/俗语、名言等,4,1
188,hsk3_topic_derivation_v1,传统饮食观念,1,false,文化与传统/饮食文化/传统饮食观念,4,1
189,hsk3_topic_derivation_v1,各地饮食|传统店铺|品牌,3,true,文化与传统/饮食文化/各地饮食、传统店铺、品牌等,4,1
190,hsk3_topic_derivation_v1,传统节日与习俗,1,false,文化与传统/民俗传统/传统节日与习俗,4|5|6,3
191,hsk3_topic_derivation_v1,国粹,1,false,文化与传统/民俗传统/国粹,4,1
192,hsk3_topic_derivation_v1,各地传统,1,false,文化与传统/民俗传统/各地传统,4,1
193,hsk3_topic_derivation_v1,人际交往礼仪,1,false,文化与传统/民俗传统/人际交往礼仪,4,1
194,hsk3_topic_derivation_v1,名胜古迹,1,true,文化与传统/人文景观/名胜古迹等,4,1
195,hsk3_topic_derivation_v1,历史人物|历史事件,2,false,文化与传统/历史/历史人物、历史事件,4|5,2
196,hsk3_topic_derivation_v1,业务办理,1,false,日常生活/日常事务/业务办理,3|4|5|6,4
197,hsk3_topic_derivation_v1,困难求助,1,false,日常生活/日常事务/困难求助,4|5|6,3
198,hsk3_topic_derivation_v1,就餐,1,false,日常生活/饮食/就餐,1|2|3|4|5,5
199,hsk3_topic_derivation_v1,餐饮体验,1,false,日常生活/饮食/餐饮体验,5|6,2
200,hsk3_topic_derivation_v1,交通运输,1,false,日常生活/交通出行/交通运输,5,1
201,hsk3_topic_derivation_v1,出行体验,1,false,日常生活/交通出行/出行体验,5|6,2
202,hsk3_topic_derivation_v1,商品选购,1,false,日常生活/购物/商品选购,1|2|3|4|5,5
203,hsk3_topic_derivation_v1,消费活动,1,false,日常生活/购物/消费活动,5,1
204,hsk3_topic_derivation_v1,就医,1,false,日常生活/医疗健康/就医,2|3|4|5|6,5
205,hsk3_topic_derivation_v1,心理健康,1,false,日常生活/医疗健康/心理健康,5,1
206,hsk3_topic_derivation_v1,健康生活,1,false,日常生活/医疗健康/健康生活,4|5|6,3
207,hsk3_topic_derivation_v1,休闲活动,1,false,日常生活/休闲/休闲活动,1|2|3|4|5,5
208,hsk3_topic_derivation_v1,活动感受|生活随感|人生感悟,3,true,日常生活/休闲/活动感受、生活随感、人生感悟等,5,1
209,hsk3_topic_derivation_v1,居住情况,1,false,日常生活/社区/居住情况,3|4|5|6,4
210,hsk3_topic_derivation_v1,社区管理,1,false,日常生活/社区/社区管理,5|6,2
211,hsk3_topic_derivation_v1,社区生活,1,false,日常生活/社区/社区生活,4|5,2
212,hsk3_topic_derivation_v1,居家生活,1,false,日常生活/家庭生活/居家生活,3|4|5,3
213,hsk3_topic_derivation_v1,家庭活动,1,false,日常生活/家庭生活/家庭活动,2|5,2
214,hsk3_topic_derivation_v1,家庭问题,1,false,日常生活/家庭生活/家庭问题,5,1
215,hsk3_topic_derivation_v1,课程情况,1,false,教育情况/学习情况/课程情况,3|4|5|6,4
216,hsk3_topic_derivation_v1,教学情况,1,false,教育情况/学习情况/教学情况,4|5|6,3
217,hsk3_topic_derivation_v1,学习经历,1,false,教育情况/学习情况/学习经历,2|3|4|5,4
218,hsk3_topic_derivation_v1,学习心得,1,false,教育情况/学习情况/学习心得,4|5,2
219,hsk3_topic_derivation_v1,校园活动,1,false,教育情况/校园生活/校园活动,3|4|5|6,4
220,hsk3_topic_derivation_v1,学校情况,1,false,教育情况/校园生活/学校情况,1|2|3|4|5|6,6
221,hsk3_topic_derivation_v1,家庭教育,1,false,教育情况/教育问题/家庭教育,3|4|5,3
222,hsk3_topic_derivation_v1,学校教育|社会教育|职业教育,3,true,教育情况/教育问题/学校教育、社会教育、职业教育等,5,1
223,hsk3_topic_derivation_v1,工作内容,1,false,职场生活/职业与经历/工作内容,5|6,2
224,hsk3_topic_derivation_v1,工作经历,1,false,职场生活/职业与经历/工作经历,3|4|5,3
225,hsk3_topic_derivation_v1,团队合作,1,false,职场生活/经营与管理/团队合作,5,1
226,hsk3_topic_derivation_v1,人员管理,1,false,职场生活/经营与管理/人员管理,5|6,2
227,hsk3_topic_derivation_v1,企业发展,1,false,职场生活/经营与管理/企业发展,5|6,2
228,hsk3_topic_derivation_v1,自然资源,1,false,自然与环境/自然/自然资源,5|6,2
229,hsk3_topic_derivation_v1,地形地貌,1,false,自然与环境/自然/地形地貌,5|6,2
230,hsk3_topic_derivation_v1,自然现象|自然规律,2,false,自然与环境/自然/自然现象、自然规律,5,1
231,hsk3_topic_derivation_v1,动植物,1,false,自然与环境/自然/动植物,3|4|5|6,4
232,hsk3_topic_derivation_v1,生态平衡,1,false,自然与环境/环境/生态平衡,5,1
233,hsk3_topic_derivation_v1,城市与乡村,1,false,自然与环境/环境/城市与乡村,5,1
234,hsk3_topic_derivation_v1,环境保护,1,false,自然与环境/环境/环境保护,3|4|5|6,4
235,hsk3_topic_derivation_v1,产品介绍与应用,1,false,科学技术/科技发展/产品介绍与应用,5,1
236,hsk3_topic_derivation_v1,科普知识,1,false,科学技术/科学知识/科普知识,4|5|6,3
237,hsk3_topic_derivation_v1,科研成果,1,false,科学技术/科学知识/科研成果,4|5|6,3
238,hsk3_topic_derivation_v1,行政区划,1,false,当代社会/概况/行政区划,5,1
239,hsk3_topic_derivation_v1,人口情况,1,false,当代社会/概况/人口情况,5,1
240,hsk3_topic_derivation_v1,时代特征,1,false,当代社会/概况/时代特征,5,1
241,hsk3_topic_derivation_v1,进出口贸易,1,false,当代社会/经济现象/进出口贸易,5,1
242,hsk3_topic_derivation_v1,商业活动,1,false,当代社会/经济现象/商业活动,5,1
243,hsk3_topic_derivation_v1,经济发展,1,false,当代社会/经济现象/经济发展,5|6,2
244,hsk3_topic_derivation_v1,民生发展,1,false,当代社会/社会现象/民生发展,5|6,2
245,hsk3_topic_derivation_v1,新兴事物,1,false,当代社会/社会现象/新兴事物,5|6,2
246,hsk3_topic_derivation_v1,社会观念,1,false,当代社会/社会现象/社会观念,5,1
247,hsk3_topic_derivation_v1,基础设施,1,false,当代社会/社会现象/基础设施,4|5,2
248,hsk3_topic_derivation_v1,文艺形式,1,false,当代社会/文艺/文艺形式,4|5|6,3
249,hsk3_topic_derivation_v1,文艺常识,1,false,当代社会/文艺/文艺常识,5|6,2
250,hsk3_topic_derivation_v1,创作者及其作品,1,false,当代社会/文艺/创作者及其作品,4|5|6,3
251,hsk3_topic_derivation_v1,文艺活动,1,false,当代社会/文艺/文艺活动,3|4|5|6,4
252,hsk3_topic_derivation_v1,运动项目,1,false,当代社会/体育/运动项目,3|4|5|6,4
253,hsk3_topic_derivation_v1,体育赛事,1,false,当代社会/体育/体育赛事,5|6,2
254,hsk3_topic_derivation_v1,体育名人|体育故事,2,false,当代社会/体育/体育名人、体育故事,4|5,2
255,hsk3_topic_derivation_v1,交往故事|友好访问|国际合作,3,true,当代社会/中外交流/交往故事、友好访问、国际合作等,5,1
256,hsk3_topic_derivation_v1,俗语|成语|名言名句,3,true,文化与传统/语言文字/俗语、成语、名言名句等,5,1
257,hsk3_topic_derivation_v1,语言现象,1,false,文化与传统/语言文字/语言现象,5,1
258,hsk3_topic_derivation_v1,地方饮食及差异,1,true,文化与传统/民俗传统/地方饮食及差异等,5,1
259,hsk3_topic_derivation_v1,传统节日与习俗,1,false,文化与传统/民俗传统/传统节日与习俗,4|5|6,3
260,hsk3_topic_derivation_v1,民间传说,1,false,文化与传统/民俗传统/民间传说,5|6,2
261,hsk3_topic_derivation_v1,古代生活,1,false,文化与传统/民俗传统/古代生活,5|6,2
262,hsk3_topic_derivation_v1,名胜古迹|传统民居|建筑,3,true,文化与传统/人文景观/名胜古迹、传统民居、建筑等,5|6,2
263,hsk3_topic_derivation_v1,哲学思想,1,false,文化与传统/传统思想与艺术/哲学思想,5|6,2
264,hsk3_topic_derivation_v1,传统艺术,1,false,文化与传统/传统思想与艺术/传统艺术,5|6,2
265,hsk3_topic_derivation_v1,历史人物|历史事件,2,false,文化与传统/历史/历史人物、历史事件,4|5,2
266,hsk3_topic_derivation_v1,古代科技成就,1,false,文化与传统/古代科技/古代科技成就,5|6,2
267,hsk3_topic_derivation_v1,古人科学观念|古代科学家事迹,2,false,文化与传统/古代科技/古人科学观念、古代科学家事迹,5|6,2
268,hsk3_topic_derivation_v1,业务办理,1,false,日常生活/日常事务/业务办理,3|4|5|6,4
269,hsk3_topic_derivation_v1,困难求助,1,false,日常生活/日常事务/困难求助,4|5|6,3
270,hsk3_topic_derivation_v1,餐饮体验,1,false,日常生活/饮食/餐饮体验,5|6,2
271,hsk3_topic_derivation_v1,食品安全,1,false,日常生活/饮食/食品安全,6,1
272,hsk3_topic_derivation_v1,出行体验,1,false,日常生活/交通出行/出行体验,5|6,2
273,hsk3_topic_derivation_v1,出行攻略,1,false,日常生活/交通出行/出行攻略,6,1
274,hsk3_topic_derivation_v1,就医,1,false,日常生活/医疗健康/就医,2|3|4|5|6,5
275,hsk3_topic_derivation_v1,健康生活,1,false,日常生活/医疗健康/健康生活,4|5|6,3
276,hsk3_topic_derivation_v1,居住情况,1,false,日常生活/社区/居住情况,3|4|5|6,4
277,hsk3_topic_derivation_v1,社区服务,1,false,日常生活/社区/社区服务,6,1
278,hsk3_topic_derivation_v1,社区管理,1,false,日常生活/社区/社区管理,5|6,2
279,hsk3_topic_derivation_v1,居民生活,1,false,日常生活/社区/居民生活,6,1
280,hsk3_topic_derivation_v1,课程情况,1,false,教育情况/学习情况/课程情况,3|4|5|6,4
281,hsk3_topic_derivation_v1,教学情况,1,false,教育情况/学习情况/教学情况,4|5|6,3
282,hsk3_topic_derivation_v1,学习者,1,false,教育情况/学习情况/学习者,6,1
283,hsk3_topic_derivation_v1,校园活动,1,false,教育情况/校园生活/校园活动,3|4|5|6,4
284,hsk3_topic_derivation_v1,学校情况,1,false,教育情况/校园生活/学校情况,1|2|3|4|5|6,6
285,hsk3_topic_derivation_v1,教育事件|教育理念|教育热点问题,3,false,教育情况/教育问题/教育事件、教育理念、教育热点问题,6,1
286,hsk3_topic_derivation_v1,工作内容,1,false,职场生活/职业与经历/工作内容,5|6,2
287,hsk3_topic_derivation_v1,职场定位,1,false,职场生活/职业与经历/职场定位,6,1
288,hsk3_topic_derivation_v1,人员管理,1,false,职场生活/经营与管理/人员管理,5|6,2
289,hsk3_topic_derivation_v1,企业发展,1,false,职场生活/经营与管理/企业发展,5|6,2
290,hsk3_topic_derivation_v1,地理分区,1,false,自然与环境/自然/地理分区,6,1
291,hsk3_topic_derivation_v1,地形地貌,1,false,自然与环境/自然/地形地貌,5|6,2
292,hsk3_topic_derivation_v1,自然现象,1,false,自然与环境/自然/自然现象,4|6,2
293,hsk3_topic_derivation_v1,动植物,1,false,自然与环境/自然/动植物,3|4|5|6,4
294,hsk3_topic_derivation_v1,自然资源,1,false,自然与环境/自然/自然资源,5|6,2
295,hsk3_topic_derivation_v1,自然规律,1,false,自然与环境/自然/自然规律,6,1
296,hsk3_topic_derivation_v1,灾害,1,false,自然与环境/环境/灾害,6,1
297,hsk3_topic_derivation_v1,能源开发,1,false,自然与环境/环境/能源开发,6,1
298,hsk3_topic_derivation_v1,环境保护,1,false,自然与环境/环境/环境保护,3|4|5|6,4
299,hsk3_topic_derivation_v1,基础设施,1,false,自然与环境/环境/基础设施,6,1
300,hsk3_topic_derivation_v1,生活类科技产品,1,false,科学技术/科技发展/生活类科技产品,6,1
301,hsk3_topic_derivation_v1,信息科技产品,1,false,科学技术/科技发展/信息科技产品,6,1
302,hsk3_topic_derivation_v1,科普知识,1,false,科学技术/科学知识/科普知识,4|5|6,3
303,hsk3_topic_derivation_v1,科研成果,1,false,科学技术/科学知识/科研成果,4|5|6,3
304,hsk3_topic_derivation_v1,科普工作,1,false,科学技术/科学知识/科普工作,6,1
305,hsk3_topic_derivation_v1,商贸活动,1,false,当代社会/经济现象/商贸活动,6,1
306,hsk3_topic_derivation_v1,投资理财,1,false,当代社会/经济现象/投资理财,6,1
307,hsk3_topic_derivation_v1,财务与消费,1,false,当代社会/经济现象/财务与消费,6,1
308,hsk3_topic_derivation_v1,经济发展,1,false,当代社会/经济现象/经济发展,5|6,2
309,hsk3_topic_derivation_v1,民生发展,1,false,当代社会/社会现象/民生发展,5|6,2
310,hsk3_topic_derivation_v1,新兴事物,1,false,当代社会/社会现象/新兴事物,5|6,2
311,hsk3_topic_derivation_v1,潮流风气,1,false,当代社会/社会现象/潮流风气,6,1
312,hsk3_topic_derivation_v1,公益活动,1,false,当代社会/社会现象/公益活动,6,1
313,hsk3_topic_derivation_v1,新闻热点,1,false,当代社会/社会现象/新闻热点,6,1
314,hsk3_topic_derivation_v1,文艺形式,1,false,当代社会/文艺/文艺形式,4|5|6,3
315,hsk3_topic_derivation_v1,文艺常识,1,false,当代社会/文艺/文艺常识,5|6,2
316,hsk3_topic_derivation_v1,创作者及其作品,1,false,当代社会/文艺/创作者及其作品,4|5|6,3
317,hsk3_topic_derivation_v1,文艺活动,1,false,当代社会/文艺/文艺活动,3|4|5|6,4
318,hsk3_topic_derivation_v1,运动项目,1,false,当代社会/体育/运动项目,3|4|5|6,4
319,hsk3_topic_derivation_v1,体育赛事,1,false,当代社会/体育/体育赛事,5|6,2
320,hsk3_topic_derivation_v1,体育名人|体育故事,2,true,当代社会/体育/体育名人、体育故事等,6,1
321,hsk3_topic_derivation_v1,国际活动,1,false,当代社会/中外交流/国际活动,6,1
322,hsk3_topic_derivation_v1,友好交流事件,1,false,当代社会/中外交流/友好交流事件,6,1
323,hsk3_topic_derivation_v1,古诗词,1,false,文化与传统/语言文字/古诗词,6,1
324,hsk3_topic_derivation_v1,成语|俗语|方言,3,true,文化与传统/语言文字/成语、俗语、方言等,6,1
325,hsk3_topic_derivation_v1,传统节日与习俗,1,false,文化与传统/民俗传统/传统节日与习俗,4|5|6,3
326,hsk3_topic_derivation_v1,民间传说,1,false,文化与传统/民俗传统/民间传说,5|6,2
327,hsk3_topic_derivation_v1,古代生活,1,false,文化与传统/民俗传统/古代生活,5|6,2
328,hsk3_topic_derivation_v1,名胜古迹|传统民居|建筑,3,true,文化与传统/人文景观/名胜古迹、传统民居、建筑等,5|6,2
329,hsk3_topic_derivation_v1,哲学思想,1,false,文化与传统/传统思想与艺术/哲学思想,5|6,2
330,hsk3_topic_derivation_v1,传统艺术,1,false,文化与传统/传统思想与艺术/传统艺术,5|6,2
331,hsk3_topic_derivation_v1,传统审美意象,1,false,文化与传统/传统思想与艺术/传统审美意象,6,1
332,hsk3_topic_derivation_v1,历史人物|器物与事件,2,false,文化与传统/历史/历史人物、器物与事件,6,1
333,hsk3_topic_derivation_v1,朝代概况,1,false,文化与传统/历史/朝代概况,6,1
334,hsk3_topic_derivation_v1,古代科技成就,1,false,文化与传统/古代科技/古代科技成就,5|6,2
335,hsk3_topic_derivation_v1,古人科学观念|古代科学家事迹,2,false,文化与传统/古代科技/古人科学观念、古代科学家事迹,5|6,2
336,hsk3_topic_derivation_v1,人际关系,1,false,个体与社会/人际交往/人际关系,7-9,1
337,hsk3_topic_derivation_v1,中国人际交往中的品行观念和评价,1,false,个体与社会/人际交往/中国人际交往中的品行观念和评价,7-9,1
338,hsk3_topic_derivation_v1,不同文化和场合符合礼仪的形象,1,false,个体与社会/形象服饰/不同文化和场合符合礼仪的形象,7-9,1
339,hsk3_topic_derivation_v1,服饰搭配与风格,1,false,个体与社会/形象服饰/服饰搭配与风格,7-9,1
340,hsk3_topic_derivation_v1,中式服装特点与审美,1,false,个体与社会/形象服饰/中式服装特点与审美,7-9,1
341,hsk3_topic_derivation_v1,具有代表性的中国饮食观念|烹饪方法,2,false,个体与社会/饮食餐饮/具有代表性的中国饮食观念、烹饪方法,7-9,1
342,hsk3_topic_derivation_v1,多样化的地域饮食特色,1,false,个体与社会/饮食餐饮/多样化的地域饮食特色,7-9,1
343,hsk3_topic_derivation_v1,各种餐饮形态的特点和代表品种,1,false,个体与社会/饮食餐饮/各种餐饮形态的特点和代表品种,7-9,1
344,hsk3_topic_derivation_v1,中国餐桌文化及含义,1,false,个体与社会/饮食餐饮/中国餐桌文化及含义,7-9,1
345,hsk3_topic_derivation_v1,建筑与社区文化,1,false,个体与社会/建筑与社区/建筑与社区文化,7-9,1
346,hsk3_topic_derivation_v1,社区空间|设施的规划与建设,2,false,个体与社会/建筑与社区/社区空间、设施的规划与建设,7-9,1
347,hsk3_topic_derivation_v1,建筑功能设计与建设,1,false,个体与社会/建筑与社区/建筑功能设计与建设,7-9,1
348,hsk3_topic_derivation_v1,房屋买卖与租赁,1,false,个体与社会/建筑与社区/房屋买卖与租赁,7-9,1
349,hsk3_topic_derivation_v1,旅游度假,1,false,个体与社会/休闲娱乐/旅游度假,7-9,1
350,hsk3_topic_derivation_v1,运动健身,1,false,个体与社会/休闲娱乐/运动健身,7-9,1
351,hsk3_topic_derivation_v1,文化娱乐,1,false,个体与社会/休闲娱乐/文化娱乐,7-9,1
352,hsk3_topic_derivation_v1,购物休闲,1,false,个体与社会/休闲娱乐/购物休闲,7-9,1
353,hsk3_topic_derivation_v1,专业学习,1,false,个体与社会/学业职业/专业学习,7-9,1
354,hsk3_topic_derivation_v1,学业发展与生涯规划,1,false,个体与社会/学业职业/学业发展与生涯规划,7-9,1
355,hsk3_topic_derivation_v1,职业发展,1,false,个体与社会/学业职业/职业发展,7-9,1
356,hsk3_topic_derivation_v1,人口流动与管理,1,false,国家与社会/人口与发展/人口流动与管理,7-9,1
357,hsk3_topic_derivation_v1,老龄化,1,false,国家与社会/人口与发展/老龄化,7-9,1
358,hsk3_topic_derivation_v1,人口发展,1,false,国家与社会/人口与发展/人口发展,7-9,1
359,hsk3_topic_derivation_v1,教育政策,1,false,国家与社会/教育发展/教育政策,7-9,1
360,hsk3_topic_derivation_v1,高等教育体制,1,false,国家与社会/教育发展/高等教育体制,7-9,1
361,hsk3_topic_derivation_v1,教育高质量发展,1,false,国家与社会/教育发展/教育高质量发展,7-9,1
362,hsk3_topic_derivation_v1,正式表达与非正式表达,1,false,国家与社会/媒介与传播/正式表达与非正式表达,7-9,1
363,hsk3_topic_derivation_v1,媒介与信息传播,1,false,国家与社会/媒介与传播/媒介与信息传播,7-9,1
364,hsk3_topic_derivation_v1,数字媒介素养,1,false,国家与社会/媒介与传播/数字媒介素养,7-9,1
365,hsk3_topic_derivation_v1,知识共享与版权保护,1,false,国家与社会/媒介与传播/知识共享与版权保护,7-9,1
366,hsk3_topic_derivation_v1,疾病诊疗与公共卫生,1,false,国家与社会/健康与医疗/疾病诊疗与公共卫生,7-9,1
367,hsk3_topic_derivation_v1,心理健康与心理治疗,1,false,国家与社会/健康与医疗/心理健康与心理治疗,7-9,1
368,hsk3_topic_derivation_v1,医学技术创新与伦理,1,false,国家与社会/健康与医疗/医学技术创新与伦理,7-9,1
369,hsk3_topic_derivation_v1,中医和西医,1,false,国家与社会/健康与医疗/中医和西医,7-9,1
370,hsk3_topic_derivation_v1,交通运输系统建设和影响,1,false,国家与社会/交通与运输/交通运输系统建设和影响,7-9,1
371,hsk3_topic_derivation_v1,各种运输方式的特点和发展趋势,1,false,国家与社会/交通与运输/各种运输方式的特点和发展趋势,7-9,1
372,hsk3_topic_derivation_v1,城市交通系统规划与发展,1,false,国家与社会/交通与运输/城市交通系统规划与发展,7-9,1
373,hsk3_topic_derivation_v1,宏观经济,1,false,国家与社会/经济与生产/宏观经济,7-9,1
374,hsk3_topic_derivation_v1,产业发展,1,false,国家与社会/经济与生产/产业发展,7-9,1
375,hsk3_topic_derivation_v1,农|林|牧|渔业生产,4,false,国家与社会/经济与生产/农、林、牧、渔业生产,7-9,1
376,hsk3_topic_derivation_v1,工业生产,1,false,国家与社会/经济与生产/工业生产,7-9,1
377,hsk3_topic_derivation_v1,金融服务贸易,1,false,国家与社会/经济与生产/金融服务贸易,7-9,1
378,hsk3_topic_derivation_v1,企业运营,1,false,国家与社会/经济与生产/企业运营,7-9,1
379,hsk3_topic_derivation_v1,法制建设,1,false,国家与社会/法制与治安/法制建设,7-9,1
380,hsk3_topic_derivation_v1,治安管理,1,false,国家与社会/法制与治安/治安管理,7-9,1
381,hsk3_topic_derivation_v1,社会保障,1,false,国家与社会/社会公共管理/社会保障,7-9,1
382,hsk3_topic_derivation_v1,劳动就业,1,false,国家与社会/社会公共管理/劳动就业,7-9,1
383,hsk3_topic_derivation_v1,公共基础设施建设,1,false,国家与社会/社会公共管理/公共基础设施建设,7-9,1
384,hsk3_topic_derivation_v1,社会公共组织,1,false,国家与社会/社会公共管理/社会公共组织,7-9,1
385,hsk3_topic_derivation_v1,社会基层治理,1,false,国家与社会/社会公共管理/社会基层治理,7-9,1
386,hsk3_topic_derivation_v1,中国传统文化意象及在不同文学艺术形式中的表现,1,false,文化与传统/文学艺术/中国传统文化意象及在不同文学艺术形式中的表现,7-9,1
387,hsk3_topic_derivation_v1,不同文学形式的特点和作品欣赏,1,false,文化与传统/文学艺术/不同文学形式的特点和作品欣赏,7-9,1
388,hsk3_topic_derivation_v1,不同艺术形式的特点和作品欣赏,1,false,文化与传统/文学艺术/不同艺术形式的特点和作品欣赏,7-9,1
389,hsk3_topic_derivation_v1,中国历史发展基本脉络,1,false,文化与传统/历史/中国历史发展基本脉络,7-9,1
390,hsk3_topic_derivation_v1,中国重大历史事件和历史人物,1,false,文化与传统/历史/中国重大历史事件和历史人物,7-9,1
391,hsk3_topic_derivation_v1,儒家主要思想|代表人物和影响,2,false,文化与传统/哲学思想/儒家主要思想、代表人物和影响,7-9,1
392,hsk3_topic_derivation_v1,道家主要思想|代表人物和影响,2,false,文化与传统/哲学思想/道家主要思想、代表人物和影响,7-9,1
393,hsk3_topic_derivation_v1,农历岁时节令习俗,1,false,文化与传统/习俗礼俗/农历岁时节令习俗,7-9,1
394,hsk3_topic_derivation_v1,节庆习俗,1,false,文化与传统/习俗礼俗/节庆习俗,7-9,1
395,hsk3_topic_derivation_v1,婚嫁习俗,1,false,文化与传统/习俗礼俗/婚嫁习俗,7-9,1
396,hsk3_topic_derivation_v1,生日习俗,1,false,文化与传统/习俗礼俗/生日习俗,7-9,1
397,hsk3_topic_derivation_v1,丧葬习俗,1,false,文化与传统/习俗礼俗/丧葬习俗,7-9,1
398,hsk3_topic_derivation_v1,中国重要的人类物质文化遗产及影响,1,false,文化与传统/文化遗产/中国重要的人类物质文化遗产及影响,7-9,1
399,hsk3_topic_derivation_v1,中国重要的人类非物质文化遗产及影响,1,false,文化与传统/文化遗产/中国重要的人类非物质文化遗产及影响,7-9,1
400,hsk3_topic_derivation_v1,文化遗产保护|传承与发扬,2,false,文化与传统/文化遗产/文化遗产保护、传承与发扬,7-9,1
401,hsk3_topic_derivation_v1,宇宙的起源与演化,1,false,自然与环境/宇宙环境/宇宙的起源与演化,7-9,1
402,hsk3_topic_derivation_v1,宇宙的结构与物质,1,false,自然与环境/宇宙环境/宇宙的结构与物质,7-9,1
403,hsk3_topic_derivation_v1,人类的太空探索与发现,1,false,自然与环境/宇宙环境/人类的太空探索与发现,7-9,1
404,hsk3_topic_derivation_v1,地球构造,1,false,自然与环境/地质环境/地球构造,7-9,1
405,hsk3_topic_derivation_v1,地形|地势|地貌特点,3,false,自然与环境/地质环境/地形、地势、地貌特点,7-9,1
406,hsk3_topic_derivation_v1,地形|地势对经济|人文活动的影响,3,false,自然与环境/地质环境/地形、地势对经济、人文活动的影响,7-9,1
407,hsk3_topic_derivation_v1,矿产资源,1,false,自然与环境/地质环境/矿产资源,7-9,1
408,hsk3_topic_derivation_v1,不同气候类型,1,false,自然与环境/大气环境/不同气候类型,7-9,1
409,hsk3_topic_derivation_v1,气候变化,1,false,自然与环境/大气环境/气候变化,7-9,1
410,hsk3_topic_derivation_v1,大气监测,1,false,自然与环境/大气环境/大气监测,7-9,1
411,hsk3_topic_derivation_v1,水资源分布和利用,1,false,自然与环境/水环境/水资源分布和利用,7-9,1
412,hsk3_topic_derivation_v1,水生态保护与可持续发展,1,false,自然与环境/水环境/水生态保护与可持续发展,7-9,1
413,hsk3_topic_derivation_v1,土地资源分布和利用,1,false,自然与环境/土地环境/土地资源分布和利用,7-9,1
414,hsk3_topic_derivation_v1,土地资源保护与可持续发展,1,false,自然与环境/土地环境/土地资源保护与可持续发展,7-9,1
415,hsk3_topic_derivation_v1,生物资源分布特点和利用,1,false,自然与环境/生物环境/生物资源分布特点和利用,7-9,1
416,hsk3_topic_derivation_v1,生物资源保护与可持续发展,1,false,自然与环境/生物环境/生物资源保护与可持续发展,7-9,1
417,hsk3_topic_derivation_v1,计算机科学,1,false,科学技术/信息科学技术/计算机科学,7-9,1
418,hsk3_topic_derivation_v1,网络通信技术,1,false,科学技术/信息科学技术/网络通信技术,7-9,1
419,hsk3_topic_derivation_v1,大数据与数据分析,1,false,科学技术/信息科学技术/大数据与数据分析,7-9,1
420,hsk3_topic_derivation_v1,人工智能与机器学习,1,false,科学技术/信息科学技术/人工智能与机器学习,7-9,1
421,hsk3_topic_derivation_v1,航天航空科技,1,false,科学技术/航空航天科学技术/航天航空科技,7-9,1
422,hsk3_topic_derivation_v1,航空航天技术应用,1,false,科学技术/航空航天科学技术/航空航天技术应用,7-9,1
423,hsk3_topic_derivation_v1,生物科技与农业,1,false,科学技术/生物科学技术/生物科技与农业,7-9,1
424,hsk3_topic_derivation_v1,生物科技与环保,1,false,科学技术/生物科学技术/生物科技与环保,7-9,1
425,hsk3_topic_derivation_v1,生物科技与医疗,1,false,科学技术/生物科学技术/生物科技与医疗,7-9,1
426,hsk3_topic_derivation_v1,先进材料与制造,1,false,科学技术/其他新兴科学技术/先进材料与制造,7-9,1
427,hsk3_topic_derivation_v1,可再生能源技术,1,false,科学技术/其他新兴科学技术/可再生能源技术,7-9,1
