topic_seq,mapping_version,axis_code,scope_code,app_domain_code,has_state_administration_frame,coding_status,selection_status,exclusion_reason_code,coded_by,coded_at,notes
1,pragma_hsk_topic_mapping_legacy_v1,situation,scenario,일상,false,legacy_imported_unverified,unreviewed,,,,
2,pragma_hsk_topic_mapping_legacy_v1,situation,scenario,일상,false,legacy_imported_unverified,unreviewed,,,,
3,pragma_hsk_topic_mapping_legacy_v1,situation,scenario,일상,false,legacy_imported_unverified,unreviewed,,,,
4,pragma_hsk_topic_mapping_legacy_v1,situation,scenario,일상,false,legacy_imported_unverified,unreviewed,,,,
5,pragma_hsk_topic_mapping_legacy_v1,situation,scenario,일상,false,legacy_imported_unverified,unreviewed,,,,
6,pragma_hsk_topic_mapping_legacy_v1,situation,scenario,일상,false,legacy_imported_unverified,unreviewed,,,,
7,pragma_hsk_topic_mapping_legacy_v1,situation,scenario,일상,false,legacy_imported_unverified,unreviewed,,,,
8,pragma_hsk_topic_mapping_legacy_v1,situation,scenario,일상,false,legacy_imported_unverified,unreviewed,,,,
9,pragma_hsk_topic_mapping_legacy_v1,situation,scenario,일상,false,legacy_imported_unverified,unreviewed,,,,
10,pragma_hsk_topic_mapping_legacy_v1,situation,scenario,일상,false,legacy_imported_unverified,unreviewed,,,,
11,pragma_hsk_topic_mapping_legacy_v1,situation,scenario,일상,false,legacy_imported_unverified,unreviewed,,,,
12,pragma_hsk_topic_mapping_legacy_v1,situation,scenario,일상,false,legacy_imported_unverified,unreviewed,,,,
13,pragma_hsk_topic_mapping_legacy_v1,situation,scenario,일상,false,legacy_imported_unverified,unreviewed,,,,
14,pragma_hsk_topic_mapping_legacy_v1,situation,scenario,일상,false,legacy_imported_unverified,unreviewed,,,,
15,pragma_hsk_topic_mapping_legacy_v1,situation,scenario,일상,false,legacy_imported_unverified,unreviewed,,,,
16,pragma_hsk_topic_mapping_legacy_v1,situation,scenario,일상,false,legacy_imported_unverified,unreviewed,,,,
17,pragma_hsk_topic_mapping_legacy_v1,situation,scenario,일상,false,legacy_imported_unverified,unreviewed,,,,
18,pragma_hsk_topic_mapping_legacy_v1,situation,scenario,일상,false,legacy_imported_unverified,unreviewed,,,,
19,pragma_hsk_topic_mapping_legacy_v1,situation,scenario,일상,false,legacy_imported_unverified,unreviewed,,,,
20,pragma_hsk_topic_mapping_legacy_v1,situation,scenario,일상,false,legacy_imported_unverified,unreviewed,,,,
21,pragma_hsk_topic_mapping_legacy_v1,situation,scenario,학교,false,legacy_imported_unverified,unreviewed,,,,
22,pragma_hsk_topic_mapping_legacy_v1,situation,scenario,학교,false,legacy_imported_unverified,unreviewed,,,,
23,pragma_hsk_topic_mapping_legacy_v1,situation,scenario,학교,false,legacy_imported_unverified,unreviewed,,,,
24,pragma_hsk_topic_mapping_legacy_v1,situation,scenario,학교,false,legacy_imported_unverified,unreviewed,,,,
25,pragma_hsk_topic_mapping_legacy_v1,situation,scenario,학교,false,legacy_imported_unverified,unreviewed,,,,
26,pragma_hsk_topic_mapping_legacy_v1,situation,scenario,직장,false,legacy_imported_unverified,unreviewed,,,,
27,pragma_hsk_topic_mapping_legacy_v1,situation,scenario,직장,false,legacy_imported_unverified,unreviewed,,,,
28,pragma_hsk_topic_mapping_legacy_v1,situation,scenario,직장,false,legacy_imported_unverified,unreviewed,,,,
29,pragma_hsk_topic_mapping_legacy_v1,subject,topic,,false,legacy_imported_unverified,unreviewed,,,,
30,pragma_hsk_topic_mapping_legacy_v1,subject,topic,,false,legacy_imported_unverified,unreviewed,,,,
31,pragma_hsk_topic_mapping_legacy_v1,situation,scenario,일상,false,legacy_imported_unverified,unreviewed,,,,
32,pragma_hsk_topic_mapping_legacy_v1,situation,scenario,일상,false,legacy_imported_unverified,unreviewed,,,,
33,pragma_hsk_topic_mapping_legacy_v1,situation,scenario,일상,false,legacy_imported_unverified,unreviewed,,,,
34,pragma_hsk_topic_mapping_legacy_v1,situation,scenario,일상,false,legacy_imported_unverified,unreviewed,,,,
35,pragma_hsk_topic_mapping_legacy_v1,situation,scenario,일상,false,legacy_imported_unverified,unreviewed,,,,
36,pragma_hsk_topic_mapping_legacy_v1,situation,scenario,일상,false,legacy_imported_unverified,unreviewed,,,,
37,pragma_hsk_topic_mapping_legacy_v1,situation,scenario,일상,false,legacy_imported_unverified,unreviewed,,,,
38,pragma_hsk_topic_mapping_legacy_v1,situation,scenario,일상,false,legacy_imported_unverified,unreviewed,,,,
39,pragma_hsk_topic_mapping_legacy_v1,situation,scenario,일상,false,legacy_imported_unverified,unreviewed,,,,
40,pragma_hsk_topic_mapping_legacy_v1,situation,scenario,일상,false,legacy_imported_unverified,unreviewed,,,,
41,pragma_hsk_topic_mapping_legacy_v1,situation,scenario,일상,false,legacy_imported_unverified,unreviewed,,,,
42,pragma_hsk_topic_mapping_legacy_v1,situation,scenario,일상,false,legacy_imported_unverified,unreviewed,,,,
43,pragma_hsk_topic_mapping_legacy_v1,situation,scenario,일상,false,legacy_imported_unverified,unreviewed,,,,
44,pragma_hsk_topic_mapping_legacy_v1,situation,scenario,일상,false,legacy_imported_unverified,unreviewed,,,,
45,pragma_hsk_topic_mapping_legacy_v1,situation,scenario,일상,false,legacy_imported_unverified,unreviewed,,,,
46,pragma_hsk_topic_mapping_legacy_v1,situation,scenario,일상,false,legacy_imported_unverified,unreviewed,,,,
47,pragma_hsk_topic_mapping_legacy_v1,situation,scenario,일상,false,legacy_imported_unverified,unreviewed,,,,
48,pragma_hsk_topic_mapping_legacy_v1,situation,scenario,일상,false,legacy_imported_unverified,unreviewed,,,,
49,pragma_hsk_topic_mapping_legacy_v1,situation,scenario,일상,false,legacy_imported_unverified,unreviewed,,,,
50,pragma_hsk_topic_mapping_legacy_v1,situation,scenario,일상,false,legacy_imported_unverified,unreviewed,,,,
51,pragma_hsk_topic_mapping_legacy_v1,situation,scenario,일상,false,legacy_imported_unverified,unreviewed,,,,
52,pragma_hsk_topic_mapping_legacy_v1,situation,scenario,일상,false,legacy_imported_unverified,unreviewed,,,,
53,pragma_hsk_topic_mapping_legacy_v1,situation,scenario,일상,false,legacy_imported_unverified,unreviewed,,,,
54,pragma_hsk_topic_mapping_legacy_v1,situation,scenario,일상,false,legacy_imported_unverified,unreviewed,,,,
55,pragma_hsk_topic_mapping_legacy_v1,situation,scenario,학교,false,legacy_imported_unverified,unreviewed,,,,
56,pragma_hsk_topic_mapping_legacy_v1,situation,scenario,학교,false,legacy_imported_unverified,unreviewed,,,,
57,pragma_hsk_topic_mapping_legacy_v1,situation,scenario,학교,false,legacy_imported_unverified,unreviewed,,,,
58,pragma_hsk_topic_mapping_legacy_v1,situation,scenario,학교,false,legacy_imported_unverified,unreviewed,,,,
59,pragma_hsk_topic_mapping_legacy_v1,situation,scenario,직장,false,legacy_imported_unverified,unreviewed,,,,
60,pragma_hsk_topic_mapping_legacy_v1,situation,scenario,직장,false,legacy_imported_unverified,unreviewed,,,,
61,pragma_hsk_topic_mapping_legacy_v1,situation,scenario,직장,false,legacy_imported_unverified,unreviewed,,,,
62,pragma_hsk_topic_mapping_legacy_v1,subject,topic,,false,legacy_imported_unverified,unreviewed,,,,
63,pragma_hsk_topic_mapping_legacy_v1,subject,topic,,false,legacy_imported_unverified,unreviewed,,,,
64,pragma_hsk_topic_mapping_legacy_v1,subject,topic,,false,legacy_imported_unverified,unreviewed,,,,
65,pragma_hsk_topic_mapping_legacy_v1,situation,scenario,일상,false,legacy_imported_unverified,unreviewed,,,,
66,pragma_hsk_topic_mapping_legacy_v1,situation,scenario,일상,false,legacy_imported_unverified,unreviewed,,,,
67,pragma_hsk_topic_mapping_legacy_v1,situation,scenario,일상,false,legacy_imported_unverified,unreviewed,,,,
68,pragma_hsk_topic_mapping_legacy_v1,situation,scenario,일상,false,legacy_imported_unverified,unreviewed,,,,
69,pragma_hsk_topic_mapping_legacy_v1,situation,scenario,일상,false,legacy_imported_unverified,unreviewed,,,,
70,pragma_hsk_topic_mapping_legacy_v1,situation,scenario,일상,false,legacy_imported_unverified,unreviewed,,,,
71,pragma_hsk_topic_mapping_legacy_v1,situation,scenario,일상,false,legacy_imported_unverified,unreviewed,,,,
72,pragma_hsk_topic_mapping_legacy_v1,situation,scenario,일상,false,legacy_imported_unverified,unreviewed,,,,
73,pragma_hsk_topic_mapping_legacy_v1,situation,scenario,일상,false,legacy_imported_unverified,unreviewed,,,,
74,pragma_hsk_topic_mapping_legacy_v1,situation,scenario,일상,false,legacy_imported_unverified,unreviewed,,,,
75,pragma_hsk_topic_mapping_legacy_v1,situation,scenario,일상,false,legacy_imported_unverified,unreviewed,,,,
76,pragma_hsk_topic_mapping_legacy_v1,situation,scenario,일상,false,legacy_imported_unverified,unreviewed,,,,
77,pragma_hsk_topic_mapping_legacy_v1,situation,scenario,일상,false,legacy_imported_unverified,unreviewed,,,,
78,pragma_hsk_topic_mapping_legacy_v1,situation,scenario,일상,false,legacy_imported_unverified,unreviewed,,,,
79,pragma_hsk_topic_mapping_legacy_v1,situation,scenario,일상,false,legacy_imported_unverified,unreviewed,,,,
80,pragma_hsk_topic_mapping_legacy_v1,situation,scenario,일상,false,legacy_imported_unverified,unreviewed,,,,
81,pragma_hsk_topic_mapping_legacy_v1,situation,scenario,일상,false,legacy_imported_unverified,unreviewed,,,,
82,pragma_hsk_topic_mapping_legacy_v1,situation,scenario,일상,false,legacy_imported_unverified,unreviewed,,,,
83,pragma_hsk_topic_mapping_legacy_v1,situation,scenario,일상,false,legacy_imported_unverified,unreviewed,,,,
84,pragma_hsk_topic_mapping_legacy_v1,situation,scenario,일상,false,legacy_imported_unverified,unreviewed,,,,
85,pragma_hsk_topic_mapping_legacy_v1,situation,scenario,일상,false,legacy_imported_unverified,unreviewed,,,,
86,pragma_hsk_topic_mapping_legacy_v1,situation,scenario,일상,false,legacy_imported_unverified,unreviewed,,,,
87,pragma_hsk_topic_mapping_legacy_v1,situation,scenario,일상,false,legacy_imported_unverified,unreviewed,,,,
88,pragma_hsk_topic_mapping_legacy_v1,situation,scenario,일상,false,legacy_imported_unverified,unreviewed,,,,
89,pragma_hsk_topic_mapping_legacy_v1,situation,scenario,일상,false,legacy_imported_unverified,unreviewed,,,,
90,pragma_hsk_topic_mapping_legacy_v1,situation,scenario,일상,false,legacy_imported_unverified,unreviewed,,,,
91,pragma_hsk_topic_mapping_legacy_v1,situation,scenario,학교,false,legacy_imported_unverified,unreviewed,,,,
92,pragma_hsk_topic_mapping_legacy_v1,situation,scenario,학교,false,legacy_imported_unverified,unreviewed,,,,
93,pragma_hsk_topic_mapping_legacy_v1,situation,scenario,학교,false,legacy_imported_unverified,unreviewed,,,,
94,pragma_hsk_topic_mapping_legacy_v1,situation,scenario,학교,false,legacy_imported_unverified,unreviewed,,,,
95,pragma_hsk_topic_mapping_legacy_v1,situation,scenario,학교,false,legacy_imported_unverified,unreviewed,,,,
96,pragma_hsk_topic_mapping_legacy_v1,situation,scenario,학교,false,legacy_imported_unverified,unreviewed,,,,
97,pragma_hsk_topic_mapping_legacy_v1,situation,scenario,학교,false,legacy_imported_unverified,unreviewed,,,,
98,pragma_hsk_topic_mapping_legacy_v1,situation,scenario,직장,false,legacy_imported_unverified,unreviewed,,,,
99,pragma_hsk_topic_mapping_legacy_v1,situation,scenario,직장,false,legacy_imported_unverified,unreviewed,,,,
100,pragma_hsk_topic_mapping_legacy_v1,situation,scenario,직장,false,legacy_imported_unverified,unreviewed,,,,
101,pragma_hsk_topic_mapping_legacy_v1,situation,scenario,직장,false,legacy_imported_unverified,unreviewed,,,,
102,pragma_hsk_topic_mapping_legacy_v1,situation,scenario,직장,false,legacy_imported_unverified,unreviewed,,,,
103,pragma_hsk_topic_mapping_legacy_v1,situation,scenario,직장,false,legacy_imported_unverified,unreviewed,,,,
104,pragma_hsk_topic_mapping_legacy_v1,subject,topic,,false,legacy_imported_unverified,unreviewed,,,,
105,pragma_hsk_topic_mapping_legacy_v1,subject,topic,,false,legacy_imported_unverified,unreviewed,,,,
106,pragma_hsk_topic_mapping_legacy_v1,subject,topic,,false,legacy_imported_unverified,unreviewed,,,,
107,pragma_hsk_topic_mapping_legacy_v1,subject,topic,,false,legacy_imported_unverified,unreviewed,,,,
108,pragma_hsk_topic_mapping_legacy_v1,subject,topic,,false,legacy_imported_unverified,unreviewed,,,,
109,pragma_hsk_topic_mapping_legacy_v1,subject,topic,,false,legacy_imported_unverified,unreviewed,,,,
110,pragma_hsk_topic_mapping_legacy_v1,subject,topic,,false,legacy_imported_unverified,unreviewed,,,,
111,pragma_hsk_topic_mapping_legacy_v1,subject,topic,,false,legacy_imported_unverified,unreviewed,,,,
112,pragma_hsk_topic_mapping_legacy_v1,subject,topic,,false,legacy_imported_unverified,unreviewed,,,,
113,pragma_hsk_topic_mapping_legacy_v1,subject,topic,,false,legacy_imported_unverified,unreviewed,,,,
114,pragma_hsk_topic_mapping_legacy_v1,subject,topic,,false,legacy_imported_unverified,unreviewed,,,,
115,pragma_hsk_topic_mapping_legacy_v1,subject,topic,,false,legacy_imported_unverified,unreviewed,,,,
116,pragma_hsk_topic_mapping_legacy_v1,subject,topic,,false,legacy_imported_unverified,unreviewed,,,,
117,pragma_hsk_topic_mapping_legacy_v1,subject,topic,,false,legacy_imported_unverified,unreviewed,,,,
118,pragma_hsk_topic_mapping_legacy_v1,subject,topic,,false,legacy_imported_unverified,unreviewed,,,,
119,pragma_hsk_topic_mapping_legacy_v1,situation,scenario,일상,false,legacy_imported_unverified,unreviewed,,,,
120,pragma_hsk_topic_mapping_legacy_v1,situation,scenario,일상,false,legacy_imported_unverified,unreviewed,,,,
121,pragma_hsk_topic_mapping_legacy_v1,situation,scenario,일상,false,legacy_imported_unverified,unreviewed,,,,
122,pragma_hsk_topic_mapping_legacy_v1,situation,scenario,일상,false,legacy_imported_unverified,unreviewed,,,,
123,pragma_hsk_topic_mapping_legacy_v1,situation,scenario,일상,false,legacy_imported_unverified,unreviewed,,,,
124,pragma_hsk_topic_mapping_legacy_v1,situation,scenario,일상,false,legacy_imported_unverified,unreviewed,,,,
125,pragma_hsk_topic_mapping_legacy_v1,situation,scenario,일상,false,legacy_imported_unverified,unreviewed,,,,
126,pragma_hsk_topic_mapping_legacy_v1,situation,scenario,일상,false,legacy_imported_unverified,unreviewed,,,,
127,pragma_hsk_topic_mapping_legacy_v1,situation,scenario,일상,false,legacy_imported_unverified,unreviewed,,,,
128,pragma_hsk_topic_mapping_legacy_v1,situation,scenario,일상,false,legacy_imported_unverified,unreviewed,,,,
129,pragma_hsk_topic_mapping_legacy_v1,situation,scenario,일상,false,legacy_imported_unverified,unreviewed,,,,
130,pragma_hsk_topic_mapping_legacy_v1,situation,scenario,일상,false,legacy_imported_unverified,unreviewed,,,,
131,pragma_hsk_topic_mapping_legacy_v1,situation,scenario,일상,false,legacy_imported_unverified,unreviewed,,,,
132,pragma_hsk_topic_mapping_legacy_v1,situation,scenario,일상,false,legacy_imported_unverified,unreviewed,,,,
133,pragma_hsk_topic_mapping_legacy_v1,situation,scenario,일상,false,legacy_imported_unverified,unreviewed,,,,
134,pragma_hsk_topic_mapping_legacy_v1,situation,scenario,일상,false,legacy_imported_unverified,unreviewed,,,,
135,pragma_hsk_topic_mapping_legacy_v1,situation,scenario,일상,false,legacy_imported_unverified,unreviewed,,,,
136,pragma_hsk_topic_mapping_legacy_v1,situation,scenario,일상,false,legacy_imported_unverified,unreviewed,,,,
137,pragma_hsk_topic_mapping_legacy_v1,situation,scenario,일상,false,legacy_imported_unverified,unreviewed,,,,
138,pragma_hsk_topic_mapping_legacy_v1,situation,scenario,일상,false,legacy_imported_unverified,unreviewed,,,,
139,pragma_hsk_topic_mapping_legacy_v1,situation,scenario,일상,false,legacy_imported_unverified,unreviewed,,,,
140,pragma_hsk_topic_mapping_legacy_v1,situation,scenario,일상,false,legacy_imported_unverified,unreviewed,,,,
141,pragma_hsk_topic_mapping_legacy_v1,situation,scenario,일상,false,legacy_imported_unverified,unreviewed,,,,
142,pragma_hsk_topic_mapping_legacy_v1,situation,scenario,일상,false,legacy_imported_unverified,unreviewed,,,,
143,pragma_hsk_topic_mapping_legacy_v1,situation,scenario,일상,false,legacy_imported_unverified,unreviewed,,,,
144,pragma_hsk_topic_mapping_legacy_v1,situation,scenario,일상,false,legacy_imported_unverified,unreviewed,,,,
145,pragma_hsk_topic_mapping_legacy_v1,situation,scenario,일상,false,legacy_imported_unverified,unreviewed,,,,
146,pragma_hsk_topic_mapping_legacy_v1,situation,scenario,학교,false,legacy_imported_unverified,unreviewed,,,,
147,pragma_hsk_topic_mapping_legacy_v1,situation,scenario,학교,false,legacy_imported_unverified,unreviewed,,,,
148,pragma_hsk_topic_mapping_legacy_v1,situation,scenario,학교,false,legacy_imported_unverified,unreviewed,,,,
149,pragma_hsk_topic_mapping_legacy_v1,situation,scenario,학교,false,legacy_imported_unverified,unreviewed,,,,
150,pragma_hsk_topic_mapping_legacy_v1,situation,scenario,학교,false,legacy_imported_unverified,unreviewed,,,,
151,pragma_hsk_topic_mapping_legacy_v1,situation,scenario,학교,false,legacy_imported_unverified,unreviewed,,,,
152,pragma_hsk_topic_mapping_legacy_v1,situation,scenario,학교,false,legacy_imported_unverified,unreviewed,,,,
153,pragma_hsk_topic_mapping_legacy_v1,situation,scenario,학교,false,legacy_imported_unverified,unreviewed,,,,
154,pragma_hsk_topic_mapping_legacy_v1,situation,scenario,직장,false,legacy_imported_unverified,unreviewed,,,,
155,pragma_hsk_topic_mapping_legacy_v1,situation,scenario,직장,false,legacy_imported_unverified,unreviewed,,,,
156,pragma_hsk_topic_mapping_legacy_v1,situation,scenario,직장,false,legacy_imported_unverified,unreviewed,,,,
157,pragma_hsk_topic_mapping_legacy_v1,situation,scenario,직장,false,legacy_imported_unverified,unreviewed,,,,
158,pragma_hsk_topic_mapping_legacy_v1,situation,scenario,직장,false,legacy_imported_unverified,unreviewed,,,,
159,pragma_hsk_topic_mapping_legacy_v1,situation,scenario,직장,false,legacy_imported_unverified,unreviewed,,,,
160,pragma_hsk_topic_mapping_legacy_v1,situation,scenario,직장,false,legacy_imported_unverified,unreviewed,,,,
161,pragma_hsk_topic_mapping_legacy_v1,subject,topic,,false,legacy_imported_unverified,unreviewed,,,,
162,pragma_hsk_topic_mapping_legacy_v1,subject,topic,,false,legacy_imported_unverified,unreviewed,,,,
163,pragma_hsk_topic_mapping_legacy_v1,subject,topic,,false,legacy_imported_unverified,unreviewed,,,,
164,pragma_hsk_topic_mapping_legacy_v1,subject,topic,,false,legacy_imported_unverified,unreviewed,,,,
165,pragma_hsk_topic_mapping_legacy_v1,subject,topic,,false,legacy_imported_unverified,unreviewed,,,,
166,pragma_hsk_topic_mapping_legacy_v1,subject,topic,,false,legacy_imported_unverified,unreviewed,,,,
167,pragma_hsk_topic_mapping_legacy_v1,subject,topic,,false,legacy_imported_unverified,unreviewed,,,,
168,pragma_hsk_topic_mapping_legacy_v1,subject,topic,,false,legacy_imported_unverified,unreviewed,,,,
169,pragma_hsk_topic_mapping_legacy_v1,subject,topic,,false,legacy_imported_unverified,unreviewed,,,,
170,pragma_hsk_topic_mapping_legacy_v1,subject,topic,,false,legacy_imported_unverified,unreviewed,,,,
171,pragma_hsk_topic_mapping_legacy_v1,subject,topic,,true,legacy_imported_unverified,unreviewed,,,,
172,pragma_hsk_topic_mapping_legacy_v1,subject,topic,,true,legacy_imported_unverified,unreviewed,,,,
173,pragma_hsk_topic_mapping_legacy_v1,subject,topic,,false,legacy_imported_unverified,unreviewed,,,,
174,pragma_hsk_topic_mapping_legacy_v1,subject,topic,,false,legacy_imported_unverified,unreviewed,,,,
175,pragma_hsk_topic_mapping_legacy_v1,subject,topic,,false,legacy_imported_unverified,unreviewed,,,,
176,pragma_hsk_topic_mapping_legacy_v1,subject,topic,,false,legacy_imported_unverified,unreviewed,,,,
177,pragma_hsk_topic_mapping_legacy_v1,subject,topic,,false,legacy_imported_unverified,unreviewed,,,,
178,pragma_hsk_topic_mapping_legacy_v1,subject,topic,,false,legacy_imported_unverified,unreviewed,,,,
179,pragma_hsk_topic_mapping_legacy_v1,subject,topic,,false,legacy_imported_unverified,unreviewed,,,,
180,pragma_hsk_topic_mapping_legacy_v1,subject,topic,,false,legacy_imported_unverified,unreviewed,,,,
181,pragma_hsk_topic_mapping_legacy_v1,subject,topic,,false,legacy_imported_unverified,unreviewed,,,,
182,pragma_hsk_topic_mapping_legacy_v1,subject,topic,,false,legacy_imported_unverified,unreviewed,,,,
183,pragma_hsk_topic_mapping_legacy_v1,subject,topic,,false,legacy_imported_unverified,unreviewed,,,,
184,pragma_hsk_topic_mapping_legacy_v1,subject,topic,,false,legacy_imported_unverified,unreviewed,,,,
185,pragma_hsk_topic_mapping_legacy_v1,subject,topic,,false,legacy_imported_unverified,unreviewed,,,,
186,pragma_hsk_topic_mapping_legacy_v1,subject,topic,,true,legacy_imported_unverified,unreviewed,,,,
187,pragma_hsk_topic_mapping_legacy_v1,subject,topic,,false,legacy_imported_unverified,unreviewed,,,,
188,pragma_hsk_topic_mapping_legacy_v1,subject,topic,,false,legacy_imported_unverified,unreviewed,,,,
189,pragma_hsk_topic_mapping_legacy_v1,subject,topic,,false,legacy_imported_unverified,unreviewed,,,,
190,pragma_hsk_topic_mapping_legacy_v1,subject,topic,,false,legacy_imported_unverified,unreviewed,,,,
191,pragma_hsk_topic_mapping_legacy_v1,subject,topic,,false,legacy_imported_unverified,unreviewed,,,,
192,pragma_hsk_topic_mapping_legacy_v1,subject,topic,,false,legacy_imported_unverified,unreviewed,,,,
193,pragma_hsk_topic_mapping_legacy_v1,subject,topic,,false,legacy_imported_unverified,unreviewed,,,,
194,pragma_hsk_topic_mapping_legacy_v1,subject,topic,,false,legacy_imported_unverified,unreviewed,,,,
195,pragma_hsk_topic_mapping_legacy_v1,subject,topic,,false,legacy_imported_unverified,unreviewed,,,,
196,pragma_hsk_topic_mapping_legacy_v1,situation,scenario,일상,false,legacy_imported_unverified,unreviewed,,,,
197,pragma_hsk_topic_mapping_legacy_v1,situation,scenario,일상,false,legacy_imported_unverified,unreviewed,,,,
198,pragma_hsk_topic_mapping_legacy_v1,situation,scenario,일상,false,legacy_imported_unverified,unreviewed,,,,
199,pragma_hsk_topic_mapping_legacy_v1,situation,scenario,일상,false,legacy_imported_unverified,unreviewed,,,,
200,pragma_hsk_topic_mapping_legacy_v1,situation,scenario,일상,false,legacy_imported_unverified,unreviewed,,,,
201,pragma_hsk_topic_mapping_legacy_v1,situation,scenario,일상,false,legacy_imported_unverified,unreviewed,,,,
202,pragma_hsk_topic_mapping_legacy_v1,situation,scenario,일상,false,legacy_imported_unverified,unreviewed,,,,
203,pragma_hsk_topic_mapping_legacy_v1,situation,scenario,일상,false,legacy_imported_unverified,unreviewed,,,,
204,pragma_hsk_topic_mapping_legacy_v1,situation,scenario,일상,false,legacy_imported_unverified,unreviewed,,,,
205,pragma_hsk_topic_mapping_legacy_v1,situation,scenario,일상,false,legacy_imported_unverified,unreviewed,,,,
206,pragma_hsk_topic_mapping_legacy_v1,situation,scenario,일상,false,legacy_imported_unverified,unreviewed,,,,
207,pragma_hsk_topic_mapping_legacy_v1,situation,scenario,일상,false,legacy_imported_unverified,unreviewed,,,,
208,pragma_hsk_topic_mapping_legacy_v1,situation,scenario,일상,false,legacy_imported_unverified,unreviewed,,,,
209,pragma_hsk_topic_mapping_legacy_v1,situation,scenario,일상,false,legacy_imported_unverified,unreviewed,,,,
210,pragma_hsk_topic_mapping_legacy_v1,situation,scenario,일상,false,legacy_imported_unverified,unreviewed,,,,
211,pragma_hsk_topic_mapping_legacy_v1,situation,scenario,일상,false,legacy_imported_unverified,unreviewed,,,,
212,pragma_hsk_topic_mapping_legacy_v1,situation,scenario,일상,false,legacy_imported_unverified,unreviewed,,,,
213,pragma_hsk_topic_mapping_legacy_v1,situation,scenario,일상,false,legacy_imported_unverified,unreviewed,,,,
214,pragma_hsk_topic_mapping_legacy_v1,situation,scenario,일상,false,legacy_imported_unverified,unreviewed,,,,
215,pragma_hsk_topic_mapping_legacy_v1,situation,scenario,학교,false,legacy_imported_unverified,unreviewed,,,,
216,pragma_hsk_topic_mapping_legacy_v1,situation,scenario,학교,false,legacy_imported_unverified,unreviewed,,,,
217,pragma_hsk_topic_mapping_legacy_v1,situation,scenario,학교,false,legacy_imported_unverified,unreviewed,,,,
218,pragma_hsk_topic_mapping_legacy_v1,situation,scenario,학교,false,legacy_imported_unverified,unreviewed,,,,
219,pragma_hsk_topic_mapping_legacy_v1,situation,scenario,학교,false,legacy_imported_unverified,unreviewed,,,,
220,pragma_hsk_topic_mapping_legacy_v1,situation,scenario,학교,false,legacy_imported_unverified,unreviewed,,,,
221,pragma_hsk_topic_mapping_legacy_v1,situation,scenario,학교,false,legacy_imported_unverified,unreviewed,,,,
222,pragma_hsk_topic_mapping_legacy_v1,situation,scenario,학교,false,legacy_imported_unverified,unreviewed,,,,
223,pragma_hsk_topic_mapping_legacy_v1,situation,scenario,직장,false,legacy_imported_unverified,unreviewed,,,,
224,pragma_hsk_topic_mapping_legacy_v1,situation,scenario,직장,false,legacy_imported_unverified,unreviewed,,,,
225,pragma_hsk_topic_mapping_legacy_v1,situation,scenario,직장,false,legacy_imported_unverified,unreviewed,,,,
226,pragma_hsk_topic_mapping_legacy_v1,situation,scenario,직장,false,legacy_imported_unverified,unreviewed,,,,
227,pragma_hsk_topic_mapping_legacy_v1,situation,scenario,직장,false,legacy_imported_unverified,unreviewed,,,,
228,pragma_hsk_topic_mapping_legacy_v1,subject,topic,,false,legacy_imported_unverified,unreviewed,,,,
229,pragma_hsk_topic_mapping_legacy_v1,subject,topic,,false,legacy_imported_unverified,unreviewed,,,,
230,pragma_hsk_topic_mapping_legacy_v1,subject,topic,,false,legacy_imported_unverified,unreviewed,,,,
231,pragma_hsk_topic_mapping_legacy_v1,subject,topic,,false,legacy_imported_unverified,unreviewed,,,,
232,pragma_hsk_topic_mapping_legacy_v1,subject,topic,,false,legacy_imported_unverified,unreviewed,,,,
233,pragma_hsk_topic_mapping_legacy_v1,subject,topic,,false,legacy_imported_unverified,unreviewed,,,,
234,pragma_hsk_topic_mapping_legacy_v1,subject,topic,,false,legacy_imported_unverified,unreviewed,,,,
235,pragma_hsk_topic_mapping_legacy_v1,subject,topic,,false,legacy_imported_unverified,unreviewed,,,,
236,pragma_hsk_topic_mapping_legacy_v1,subject,topic,,false,legacy_imported_unverified,unreviewed,,,,
237,pragma_hsk_topic_mapping_legacy_v1,subject,topic,,false,legacy_imported_unverified,unreviewed,,,,
238,pragma_hsk_topic_mapping_legacy_v1,subject,topic,,true,legacy_imported_unverified,unreviewed,,,,
239,pragma_hsk_topic_mapping_legacy_v1,subject,topic,,true,legacy_imported_unverified,unreviewed,,,,
240,pragma_hsk_topic_mapping_legacy_v1,subject,topic,,true,legacy_imported_unverified,unreviewed,,,,
241,pragma_hsk_topic_mapping_legacy_v1,subject,topic,,false,legacy_imported_unverified,unreviewed,,,,
242,pragma_hsk_topic_mapping_legacy_v1,subject,topic,,false,legacy_imported_unverified,unreviewed,,,,
243,pragma_hsk_topic_mapping_legacy_v1,subject,topic,,false,legacy_imported_unverified,unreviewed,,,,
244,pragma_hsk_topic_mapping_legacy_v1,subject,topic,,false,legacy_imported_unverified,unreviewed,,,,
245,pragma_hsk_topic_mapping_legacy_v1,subject,topic,,false,legacy_imported_unverified,unreviewed,,,,
246,pragma_hsk_topic_mapping_legacy_v1,subject,topic,,false,legacy_imported_unverified,unreviewed,,,,
247,pragma_hsk_topic_mapping_legacy_v1,subject,topic,,false,legacy_imported_unverified,unreviewed,,,,
248,pragma_hsk_topic_mapping_legacy_v1,subject,topic,,false,legacy_imported_unverified,unreviewed,,,,
249,pragma_hsk_topic_mapping_legacy_v1,subject,topic,,false,legacy_imported_unverified,unreviewed,,,,
250,pragma_hsk_topic_mapping_legacy_v1,subject,topic,,false,legacy_imported_unverified,unreviewed,,,,
251,pragma_hsk_topic_mapping_legacy_v1,subject,topic,,false,legacy_imported_unverified,unreviewed,,,,
252,pragma_hsk_topic_mapping_legacy_v1,subject,topic,,false,legacy_imported_unverified,unreviewed,,,,
253,pragma_hsk_topic_mapping_legacy_v1,subject,topic,,false,legacy_imported_unverified,unreviewed,,,,
254,pragma_hsk_topic_mapping_legacy_v1,subject,topic,,false,legacy_imported_unverified,unreviewed,,,,
255,pragma_hsk_topic_mapping_legacy_v1,subject,topic,,true,legacy_imported_unverified,unreviewed,,,,
256,pragma_hsk_topic_mapping_legacy_v1,subject,topic,,false,legacy_imported_unverified,unreviewed,,,,
257,pragma_hsk_topic_mapping_legacy_v1,subject,topic,,false,legacy_imported_unverified,unreviewed,,,,
258,pragma_hsk_topic_mapping_legacy_v1,subject,topic,,false,legacy_imported_unverified,unreviewed,,,,
259,pragma_hsk_topic_mapping_legacy_v1,subject,topic,,false,legacy_imported_unverified,unreviewed,,,,
260,pragma_hsk_topic_mapping_legacy_v1,subject,topic,,false,legacy_imported_unverified,unreviewed,,,,
261,pragma_hsk_topic_mapping_legacy_v1,subject,topic,,false,legacy_imported_unverified,unreviewed,,,,
262,pragma_hsk_topic_mapping_legacy_v1,subject,topic,,false,legacy_imported_unverified,unreviewed,,,,
263,pragma_hsk_topic_mapping_legacy_v1,subject,topic,,false,legacy_imported_unverified,unreviewed,,,,
264,pragma_hsk_topic_mapping_legacy_v1,subject,topic,,false,legacy_imported_unverified,unreviewed,,,,
265,pragma_hsk_topic_mapping_legacy_v1,subject,topic,,false,legacy_imported_unverified,unreviewed,,,,
266,pragma_hsk_topic_mapping_legacy_v1,subject,topic,,false,legacy_imported_unverified,unreviewed,,,,
267,pragma_hsk_topic_mapping_legacy_v1,subject,topic,,false,legacy_imported_unverified,unreviewed,,,,
268,pragma_hsk_topic_mapping_legacy_v1,situation,scenario,일상,false,legacy_imported_unverified,unreviewed,,,,
269,pragma_hsk_topic_mapping_legacy_v1,situation,scenario,일상,false,legacy_imported_unverified,unreviewed,,,,
270,pragma_hsk_topic_mapping_legacy_v1,situation,scenario,일상,false,legacy_imported_unverified,unreviewed,,,,
271,pragma_hsk_topic_mapping_legacy_v1,situation,scenario,일상,false,legacy_imported_unverified,unreviewed,,,,
272,pragma_hsk_topic_mapping_legacy_v1,situation,scenario,일상,false,legacy_imported_unverified,unreviewed,,,,
273,pragma_hsk_topic_mapping_legacy_v1,situation,scenario,일상,false,legacy_imported_unverified,unreviewed,,,,
274,pragma_hsk_topic_mapping_legacy_v1,situation,scenario,일상,false,legacy_imported_unverified,unreviewed,,,,
275,pragma_hsk_topic_mapping_legacy_v1,situation,scenario,일상,false,legacy_imported_unverified,unreviewed,,,,
276,pragma_hsk_topic_mapping_legacy_v1,situation,scenario,일상,false,legacy_imported_unverified,unreviewed,,,,
277,pragma_hsk_topic_mapping_legacy_v1,situation,scenario,일상,false,legacy_imported_unverified,unreviewed,,,,
278,pragma_hsk_topic_mapping_legacy_v1,situation,scenario,일상,false,legacy_imported_unverified,unreviewed,,,,
279,pragma_hsk_topic_mapping_legacy_v1,situation,scenario,일상,false,legacy_imported_unverified,unreviewed,,,,
280,pragma_hsk_topic_mapping_legacy_v1,situation,scenario,학교,false,legacy_imported_unverified,unreviewed,,,,
281,pragma_hsk_topic_mapping_legacy_v1,situation,scenario,학교,false,legacy_imported_unverified,unreviewed,,,,
282,pragma_hsk_topic_mapping_legacy_v1,situation,scenario,학교,false,legacy_imported_unverified,unreviewed,,,,
283,pragma_hsk_topic_mapping_legacy_v1,situation,scenario,학교,false,legacy_imported_unverified,unreviewed,,,,
284,pragma_hsk_topic_mapping_legacy_v1,situation,scenario,학교,false,legacy_imported_unverified,unreviewed,,,,
285,pragma_hsk_topic_mapping_legacy_v1,situation,scenario,학교,false,legacy_imported_unverified,unreviewed,,,,
286,pragma_hsk_topic_mapping_legacy_v1,situation,scenario,직장,false,legacy_imported_unverified,unreviewed,,,,
287,pragma_hsk_topic_mapping_legacy_v1,situation,scenario,직장,false,legacy_imported_unverified,unreviewed,,,,
288,pragma_hsk_topic_mapping_legacy_v1,situation,scenario,직장,false,legacy_imported_unverified,unreviewed,,,,
289,pragma_hsk_topic_mapping_legacy_v1,situation,scenario,직장,false,legacy_imported_unverified,unreviewed,,,,
290,pragma_hsk_topic_mapping_legacy_v1,subject,topic,,false,legacy_imported_unverified,unreviewed,,,,
291,pragma_hsk_topic_mapping_legacy_v1,subject,topic,,false,legacy_imported_unverified,unreviewed,,,,
292,pragma_hsk_topic_mapping_legacy_v1,subject,topic,,false,legacy_imported_unverified,unreviewed,,,,
293,pragma_hsk_topic_mapping_legacy_v1,subject,topic,,false,legacy_imported_unverified,unreviewed,,,,
294,pragma_hsk_topic_mapping_legacy_v1,subject,topic,,false,legacy_imported_unverified,unreviewed,,,,
295,pragma_hsk_topic_mapping_legacy_v1,subject,topic,,false,legacy_imported_unverified,unreviewed,,,,
296,pragma_hsk_topic_mapping_legacy_v1,subject,topic,,false,legacy_imported_unverified,unreviewed,,,,
297,pragma_hsk_topic_mapping_legacy_v1,subject,topic,,false,legacy_imported_unverified,unreviewed,,,,
298,pragma_hsk_topic_mapping_legacy_v1,subject,topic,,false,legacy_imported_unverified,unreviewed,,,,
299,pragma_hsk_topic_mapping_legacy_v1,subject,topic,,false,legacy_imported_unverified,unreviewed,,,,
300,pragma_hsk_topic_mapping_legacy_v1,subject,topic,,false,legacy_imported_unverified,unreviewed,,,,
301,pragma_hsk_topic_mapping_legacy_v1,subject,topic,,false,legacy_imported_unverified,unreviewed,,,,
302,pragma_hsk_topic_mapping_legacy_v1,subject,topic,,false,legacy_imported_unverified,unreviewed,,,,
303,pragma_hsk_topic_mapping_legacy_v1,subject,topic,,false,legacy_imported_unverified,unreviewed,,,,
304,pragma_hsk_topic_mapping_legacy_v1,subject,topic,,false,legacy_imported_unverified,unreviewed,,,,
305,pragma_hsk_topic_mapping_legacy_v1,subject,topic,,false,legacy_imported_unverified,unreviewed,,,,
306,pragma_hsk_topic_mapping_legacy_v1,subject,topic,,false,legacy_imported_unverified,unreviewed,,,,
307,pragma_hsk_topic_mapping_legacy_v1,subject,topic,,false,legacy_imported_unverified,unreviewed,,,,
308,pragma_hsk_topic_mapping_legacy_v1,subject,topic,,false,legacy_imported_unverified,unreviewed,,,,
309,pragma_hsk_topic_mapping_legacy_v1,subject,topic,,false,legacy_imported_unverified,unreviewed,,,,
310,pragma_hsk_topic_mapping_legacy_v1,subject,topic,,false,legacy_imported_unverified,unreviewed,,,,
311,pragma_hsk_topic_mapping_legacy_v1,subject,topic,,false,legacy_imported_unverified,unreviewed,,,,
312,pragma_hsk_topic_mapping_legacy_v1,subject,topic,,false,legacy_imported_unverified,unreviewed,,,,
313,pragma_hsk_topic_mapping_legacy_v1,subject,topic,,false,legacy_imported_unverified,unreviewed,,,,
314,pragma_hsk_topic_mapping_legacy_v1,subject,topic,,false,legacy_imported_unverified,unreviewed,,,,
315,pragma_hsk_topic_mapping_legacy_v1,subject,topic,,false,legacy_imported_unverified,unreviewed,,,,
316,pragma_hsk_topic_mapping_legacy_v1,subject,topic,,false,legacy_imported_unverified,unreviewed,,,,
317,pragma_hsk_topic_mapping_legacy_v1,subject,topic,,false,legacy_imported_unverified,unreviewed,,,,
318,pragma_hsk_topic_mapping_legacy_v1,subject,topic,,false,legacy_imported_unverified,unreviewed,,,,
319,pragma_hsk_topic_mapping_legacy_v1,subject,topic,,false,legacy_imported_unverified,unreviewed,,,,
320,pragma_hsk_topic_mapping_legacy_v1,subject,topic,,false,legacy_imported_unverified,unreviewed,,,,
321,pragma_hsk_topic_mapping_legacy_v1,subject,topic,,true,legacy_imported_unverified,unreviewed,,,,
322,pragma_hsk_topic_mapping_legacy_v1,subject,topic,,true,legacy_imported_unverified,unreviewed,,,,
323,pragma_hsk_topic_mapping_legacy_v1,subject,topic,,false,legacy_imported_unverified,unreviewed,,,,
324,pragma_hsk_topic_mapping_legacy_v1,subject,topic,,false,legacy_imported_unverified,unreviewed,,,,
325,pragma_hsk_topic_mapping_legacy_v1,subject,topic,,false,legacy_imported_unverified,unreviewed,,,,
326,pragma_hsk_topic_mapping_legacy_v1,subject,topic,,false,legacy_imported_unverified,unreviewed,,,,
327,pragma_hsk_topic_mapping_legacy_v1,subject,topic,,false,legacy_imported_unverified,unreviewed,,,,
328,pragma_hsk_topic_mapping_legacy_v1,subject,topic,,false,legacy_imported_unverified,unreviewed,,,,
329,pragma_hsk_topic_mapping_legacy_v1,subject,topic,,false,legacy_imported_unverified,unreviewed,,,,
330,pragma_hsk_topic_mapping_legacy_v1,subject,topic,,false,legacy_imported_unverified,unreviewed,,,,
331,pragma_hsk_topic_mapping_legacy_v1,subject,topic,,false,legacy_imported_unverified,unreviewed,,,,
332,pragma_hsk_topic_mapping_legacy_v1,subject,topic,,false,legacy_imported_unverified,unreviewed,,,,
333,pragma_hsk_topic_mapping_legacy_v1,subject,topic,,false,legacy_imported_unverified,unreviewed,,,,
334,pragma_hsk_topic_mapping_legacy_v1,subject,topic,,false,legacy_imported_unverified,unreviewed,,,,
335,pragma_hsk_topic_mapping_legacy_v1,subject,topic,,false,legacy_imported_unverified,unreviewed,,,,
336,pragma_hsk_topic_mapping_legacy_v1,situation,scenario,일상,false,legacy_imported_unverified,unreviewed,,,,
337,pragma_hsk_topic_mapping_legacy_v1,situation,scenario,일상,false,legacy_imported_unverified,unreviewed,,,,
338,pragma_hsk_topic_mapping_legacy_v1,situation,scenario,일상,false,legacy_imported_unverified,unreviewed,,,,
339,pragma_hsk_topic_mapping_legacy_v1,situation,scenario,일상,false,legacy_imported_unverified,unreviewed,,,,
340,pragma_hsk_topic_mapping_legacy_v1,situation,scenario,일상,false,legacy_imported_unverified,unreviewed,,,,
341,pragma_hsk_topic_mapping_legacy_v1,situation,scenario,일상,false,legacy_imported_unverified,unreviewed,,,,
342,pragma_hsk_topic_mapping_legacy_v1,situation,scenario,일상,false,legacy_imported_unverified,unreviewed,,,,
343,pragma_hsk_topic_mapping_legacy_v1,situation,scenario,일상,false,legacy_imported_unverified,unreviewed,,,,
344,pragma_hsk_topic_mapping_legacy_v1,situation,scenario,일상,false,legacy_imported_unverified,unreviewed,,,,
345,pragma_hsk_topic_mapping_legacy_v1,situation,scenario,일상,false,legacy_imported_unverified,unreviewed,,,,
346,pragma_hsk_topic_mapping_legacy_v1,situation,scenario,일상,false,legacy_imported_unverified,unreviewed,,,,
347,pragma_hsk_topic_mapping_legacy_v1,situation,scenario,일상,false,legacy_imported_unverified,unreviewed,,,,
348,pragma_hsk_topic_mapping_legacy_v1,situation,scenario,일상,false,legacy_imported_unverified,unreviewed,,,,
349,pragma_hsk_topic_mapping_legacy_v1,situation,scenario,일상,false,legacy_imported_unverified,unreviewed,,,,
350,pragma_hsk_topic_mapping_legacy_v1,situation,scenario,일상,false,legacy_imported_unverified,unreviewed,,,,
351,pragma_hsk_topic_mapping_legacy_v1,situation,scenario,일상,false,legacy_imported_unverified,unreviewed,,,,
352,pragma_hsk_topic_mapping_legacy_v1,situation,scenario,일상,false,legacy_imported_unverified,unreviewed,,,,
353,pragma_hsk_topic_mapping_legacy_v1,situation,scenario,학교|직장,false,legacy_imported_unverified,unreviewed,,,,
354,pragma_hsk_topic_mapping_legacy_v1,situation,scenario,학교|직장,false,legacy_imported_unverified,unreviewed,,,,
355,pragma_hsk_topic_mapping_legacy_v1,situation,scenario,학교|직장,false,legacy_imported_unverified,unreviewed,,,,
356,pragma_hsk_topic_mapping_legacy_v1,subject,topic,,true,legacy_imported_unverified,unreviewed,,,,
357,pragma_hsk_topic_mapping_legacy_v1,subject,topic,,true,legacy_imported_unverified,unreviewed,,,,
358,pragma_hsk_topic_mapping_legacy_v1,subject,topic,,true,legacy_imported_unverified,unreviewed,,,,
359,pragma_hsk_topic_mapping_legacy_v1,subject,topic,,true,legacy_imported_unverified,unreviewed,,,,
360,pragma_hsk_topic_mapping_legacy_v1,subject,topic,,true,legacy_imported_unverified,unreviewed,,,,
361,pragma_hsk_topic_mapping_legacy_v1,subject,topic,,true,legacy_imported_unverified,unreviewed,,,,
362,pragma_hsk_topic_mapping_legacy_v1,subject,topic,,true,legacy_imported_unverified,unreviewed,,,,
363,pragma_hsk_topic_mapping_legacy_v1,subject,topic,,true,legacy_imported_unverified,unreviewed,,,,
364,pragma_hsk_topic_mapping_legacy_v1,subject,topic,,true,legacy_imported_unverified,unreviewed,,,,
365,pragma_hsk_topic_mapping_legacy_v1,subject,topic,,true,legacy_imported_unverified,unreviewed,,,,
366,pragma_hsk_topic_mapping_legacy_v1,subject,topic,,true,legacy_imported_unverified,unreviewed,,,,
367,pragma_hsk_topic_mapping_legacy_v1,subject,topic,,true,legacy_imported_unverified,unreviewed,,,,
368,pragma_hsk_topic_mapping_legacy_v1,subject,topic,,true,legacy_imported_unverified,unreviewed,,,,
369,pragma_hsk_topic_mapping_legacy_v1,subject,topic,,true,legacy_imported_unverified,unreviewed,,,,
370,pragma_hsk_topic_mapping_legacy_v1,subject,topic,,true,legacy_imported_unverified,unreviewed,,,,
371,pragma_hsk_topic_mapping_legacy_v1,subject,topic,,true,legacy_imported_unverified,unreviewed,,,,
372,pragma_hsk_topic_mapping_legacy_v1,subject,topic,,true,legacy_imported_unverified,unreviewed,,,,
373,pragma_hsk_topic_mapping_legacy_v1,subject,topic,,true,legacy_imported_unverified,unreviewed,,,,
374,pragma_hsk_topic_mapping_legacy_v1,subject,topic,,true,legacy_imported_unverified,unreviewed,,,,
375,pragma_hsk_topic_mapping_legacy_v1,subject,topic,,true,legacy_imported_unverified,unreviewed,,,,
376,pragma_hsk_topic_mapping_legacy_v1,subject,topic,,true,legacy_imported_unverified,unreviewed,,,,
377,pragma_hsk_topic_mapping_legacy_v1,subject,topic,,true,legacy_imported_unverified,unreviewed,,,,
378,pragma_hsk_topic_mapping_legacy_v1,subject,topic,,true,legacy_imported_unverified,unreviewed,,,,
379,pragma_hsk_topic_mapping_legacy_v1,subject,topic,,true,legacy_imported_unverified,unreviewed,,,,
380,pragma_hsk_topic_mapping_legacy_v1,subject,topic,,true,legacy_imported_unverified,unreviewed,,,,
381,pragma_hsk_topic_mapping_legacy_v1,subject,topic,,true,legacy_imported_unverified,unreviewed,,,,
382,pragma_hsk_topic_mapping_legacy_v1,subject,topic,,true,legacy_imported_unverified,unreviewed,,,,
383,pragma_hsk_topic_mapping_legacy_v1,subject,topic,,true,legacy_imported_unverified,unreviewed,,,,
384,pragma_hsk_topic_mapping_legacy_v1,subject,topic,,true,legacy_imported_unverified,unreviewed,,,,
385,pragma_hsk_topic_mapping_legacy_v1,subject,topic,,true,legacy_imported_unverified,unreviewed,,,,
386,pragma_hsk_topic_mapping_legacy_v1,subject,topic,,false,legacy_imported_unverified,unreviewed,,,,
387,pragma_hsk_topic_mapping_legacy_v1,subject,topic,,false,legacy_imported_unverified,unreviewed,,,,
388,pragma_hsk_topic_mapping_legacy_v1,subject,topic,,false,legacy_imported_unverified,unreviewed,,,,
389,pragma_hsk_topic_mapping_legacy_v1,subject,topic,,false,legacy_imported_unverified,unreviewed,,,,
390,pragma_hsk_topic_mapping_legacy_v1,subject,topic,,false,legacy_imported_unverified,unreviewed,,,,
391,pragma_hsk_topic_mapping_legacy_v1,subject,topic,,false,legacy_imported_unverified,unreviewed,,,,
392,pragma_hsk_topic_mapping_legacy_v1,subject,topic,,false,legacy_imported_unverified,unreviewed,,,,
393,pragma_hsk_topic_mapping_legacy_v1,subject,topic,,false,legacy_imported_unverified,unreviewed,,,,
394,pragma_hsk_topic_mapping_legacy_v1,subject,topic,,false,legacy_imported_unverified,unreviewed,,,,
395,pragma_hsk_topic_mapping_legacy_v1,subject,topic,,false,legacy_imported_unverified,unreviewed,,,,
396,pragma_hsk_topic_mapping_legacy_v1,subject,topic,,false,legacy_imported_unverified,unreviewed,,,,
397,pragma_hsk_topic_mapping_legacy_v1,subject,topic,,false,legacy_imported_unverified,unreviewed,,,,
398,pragma_hsk_topic_mapping_legacy_v1,subject,topic,,false,legacy_imported_unverified,unreviewed,,,,
399,pragma_hsk_topic_mapping_legacy_v1,subject,topic,,false,legacy_imported_unverified,unreviewed,,,,
400,pragma_hsk_topic_mapping_legacy_v1,subject,topic,,false,legacy_imported_unverified,unreviewed,,,,
401,pragma_hsk_topic_mapping_legacy_v1,subject,topic,,false,legacy_imported_unverified,unreviewed,,,,
402,pragma_hsk_topic_mapping_legacy_v1,subject,topic,,false,legacy_imported_unverified,unreviewed,,,,
403,pragma_hsk_topic_mapping_legacy_v1,subject,topic,,false,legacy_imported_unverified,unreviewed,,,,
404,pragma_hsk_topic_mapping_legacy_v1,subject,topic,,false,legacy_imported_unverified,unreviewed,,,,
405,pragma_hsk_topic_mapping_legacy_v1,subject,topic,,false,legacy_imported_unverified,unreviewed,,,,
406,pragma_hsk_topic_mapping_legacy_v1,subject,topic,,false,legacy_imported_unverified,unreviewed,,,,
407,pragma_hsk_topic_mapping_legacy_v1,subject,topic,,false,legacy_imported_unverified,unreviewed,,,,
408,pragma_hsk_topic_mapping_legacy_v1,subject,topic,,false,legacy_imported_unverified,unreviewed,,,,
409,pragma_hsk_topic_mapping_legacy_v1,subject,topic,,false,legacy_imported_unverified,unreviewed,,,,
410,pragma_hsk_topic_mapping_legacy_v1,subject,topic,,false,legacy_imported_unverified,unreviewed,,,,
411,pragma_hsk_topic_mapping_legacy_v1,subject,topic,,false,legacy_imported_unverified,unreviewed,,,,
412,pragma_hsk_topic_mapping_legacy_v1,subject,topic,,false,legacy_imported_unverified,unreviewed,,,,
413,pragma_hsk_topic_mapping_legacy_v1,subject,topic,,false,legacy_imported_unverified,unreviewed,,,,
414,pragma_hsk_topic_mapping_legacy_v1,subject,topic,,false,legacy_imported_unverified,unreviewed,,,,
415,pragma_hsk_topic_mapping_legacy_v1,subject,topic,,false,legacy_imported_unverified,unreviewed,,,,
416,pragma_hsk_topic_mapping_legacy_v1,subject,topic,,false,legacy_imported_unverified,unreviewed,,,,
417,pragma_hsk_topic_mapping_legacy_v1,subject,topic,,false,legacy_imported_unverified,unreviewed,,,,
418,pragma_hsk_topic_mapping_legacy_v1,subject,topic,,false,legacy_imported_unverified,unreviewed,,,,
419,pragma_hsk_topic_mapping_legacy_v1,subject,topic,,false,legacy_imported_unverified,unreviewed,,,,
420,pragma_hsk_topic_mapping_legacy_v1,subject,topic,,false,legacy_imported_unverified,unreviewed,,,,
421,pragma_hsk_topic_mapping_legacy_v1,subject,topic,,false,legacy_imported_unverified,unreviewed,,,,
422,pragma_hsk_topic_mapping_legacy_v1,subject,topic,,false,legacy_imported_unverified,unreviewed,,,,
423,pragma_hsk_topic_mapping_legacy_v1,subject,topic,,false,legacy_imported_unverified,unreviewed,,,,
424,pragma_hsk_topic_mapping_legacy_v1,subject,topic,,false,legacy_imported_unverified,unreviewed,,,,
425,pragma_hsk_topic_mapping_legacy_v1,subject,topic,,false,legacy_imported_unverified,unreviewed,,,,
426,pragma_hsk_topic_mapping_legacy_v1,subject,topic,,false,legacy_imported_unverified,unreviewed,,,,
427,pragma_hsk_topic_mapping_legacy_v1,subject,topic,,false,legacy_imported_unverified,unreviewed,,,,
